date,high,low,open,close,volume,quoteVolume,weightedAverage
1594310400,9229.5287214,9195.24634904,9211.15287214,9223.87702682,175575.734065,19.05774016,9212.83072342
1594310700,9227.92471778,9220.0,9221.50355622,9221.33776437,15248.06978588,1.65268178,9226.25878157
1594311000,9224.14965444,9215.0,9220.79768363,9224.14965444,52725.07493363,5.72041285,9217.00519109
1594311300,9225.46753429,9218.08548961,9224.28619489,9221.06566381,68481.76156676,7.42691742,9220.75171892
1594311600,9226.32854759,9204.72227417,9221.06566381,9225.73026261,100396.64480074,10.89706971,9213.1781729
1594311900,9229.06726548,9220.0,9226.3651313,9226.05390005,22823.86533384,2.47382481,9226.14456835
1594312200,9227.06954,9220.0,9225.36195002,9220.0,9327.80816754,1.01163456,9220.5313424
1594312500,9220.6,9206.46035182,9220.00000001,9209.74116739,29267.56740929,3.17586471,9215.62159658
1594312800,9209.74116739,9193.35043666,9209.74116739,9200.85872241,53689.57419147,5.83511905,9201.11033406
1594313100,9207.19564756,9188.31629638,9200.46004294,9197.51707536,12001.12426988,1.30492301,9196.80638468
1594313400,9211.87024919,9200.70280224,9200.70280224,9208.21991254,41068.17270455,4.46050016,9207.07795794
1594313700,9218.95734917,9208.43982507,9208.43982507,9218.95734916,68834.80856173,7.46974437,9215.14916068
1594314000,9228.25968102,9213.48000003,9218.95734916,9228.25968102,44980.2774967,4.8765708,9223.75155441
1594314300,9235.9237537,9225.45375188,9228.25968102,9225.91503727,55638.39442881,6.02803494,9229.93894073
1594314600,9229.61564698,9222.79570348,9226.44432006,9224.88125883,14357.29092079,1.55617463,9226.01528389
1594314900,9235.92375371,9224.88125882,9224.88125882,9235.92375371,41542.05924865,4.49884559,9233.93755522
1594315200,9235.9237537,9222.88436123,9235.9237537,9223.345524,32865.81342877,3.56072383,9230.09337367
1594315500,9228.75032384,9223.34552399,9223.34552399,9228.75032383,5867.16821101,0.63611122,9223.4942987
1594315800,9228.75032384,9228.75032383,9228.75032384,9228.75032383,4184.88010406,0.45346119,9228.75032383
1594316100,9228.75032384,9211.0727162,9228.75032383,9214.60229111,48545.99308759,5.26618836,9218.4308211
1594316400,9217.9,9207.087868,9214.60229111,9210.11915416,121634.57716428,13.20515644,9211.14245915
1594316700,9215.63926123,9210.11915416,9212.04522437,9215.63926123,34251.97670499,3.71720175,9214.45189381
1594317000,9215.71434168,9207.91966883,9215.63926124,9213.12774585,41031.75543032,4.45310244,9214.19526794
1594317300,9214.58930404,9205.38768881,9213.12774586,9208.48786098,7710.22105697,0.83713219,9210.27903248
1594317600,9208.48786098,9203.11960133,9208.48786098,9205.77582468,17283.08877647,1.87750323,9205.35767945
1594317900,9221.76219731,9203.87694251,9205.61181552,9220.28357513,18314.19219972,1.98767326,9213.88468028
1594318200,9224.38192395,9220.0,9220.28357514,9223.61778482,46336.41779439,5.02563639,9220.01000442
1594318500,9227.84069992,9220.0,9223.61778482,9222.84836292,5079.68506873,0.55080096,9222.36059416
1594318800,9222.84836292,9212.0,9222.41221587,9212.00000002,8902.98433079,0.96552544,9220.86975853
1594319100,9216.1335577,9210.86056,9212.00000002,9215.30959914,121681.93376337,13.20793121,9212.79281582
1594319400,9220.4473649,9210.6,9215.30959914,9217.45491936,61108.08565625,6.63109229,9215.38759887
1594319700,9217.45491936,9210.6,9217.45491936,9210.60000001,15114.96016459,1.64073856,9212.29044839
1594320000,9213.95299994,9209.10000004,9210.60000001,9213.95299994,26840.960797,2.91415254,9210.55450206
1594320300,9216.91143084,9211.38950532,9213.95299994,9213.67466766,2613.12573708,0.28356711,9215.19331733
1594320600,9221.75061261,9212.34644266,9212.34644266,9221.75061261,29273.35130959,3.17506576,9219.7622104
1594320900,9233.9364,9221.2,9221.7506126,9227.15992037,105593.13221248,11.44769383,9223.96543623
1594321200,9228.88971006,9215.89208127,9226.75671294,9215.89208127,163413.03387842,17.7267975,9218.41826638
1594321500,9220.31351479,9214.50027893,9215.87965075,9217.52479107,61946.99309572,6.72153032,9216.20377303
1594321800,9219.35782872,9212.50000001,9217.52479107,9219.35782871,32138.88571247,3.48626008,9218.72865907
1594322100,9225.36049152,9217.12018425,9219.35782871,9220.05283435,24001.73286133,2.60268124,9221.92564055
1594322400,9223.16133258,9220.05283435,9220.05283435,9220.40001636,11834.81210081,1.28345784,9221.03689889
1594322700,9220.40001636,9217.12018425,9220.40001636,9217.12018425,10798.78887928,1.17158458,9217.2507761
1594323000,9217.12018426,9198.00000001,9217.12018426,9201.05906545,66770.37758059,7.2528239,9206.12143645
1594323300,9203.36538011,9192.12888413,9201.05906544,9200.54065592,47242.39827213,5.13547524,9199.22617953
1594323600,9205.07590662,9194.795404,9200.20462083,9197.00277676,78557.42375635,8.5370197,9201.9728801
1594323900,9214.37814254,9197.80399542,9197.80399542,9209.89441823,44661.93161966,4.85304501,9202.86779282
1594324200,9217.5391137,9209.66470184,9209.89441822,9215.73341741,38666.62192944,4.19625489,9214.5551076
1594324500,9216.0,9214.24304521,9216.0,9215.60898815,4259.65758204,0.46221563,9215.73678078
1594324800,9215.60898814,9209.0,9215.60898814,9209.0,1736.19015403,0.18851248,9209.94808425
1594325100,9216.91355869,9209.0,9209.0,9214.97645214,3545.8875332,0.38478217,9215.31144025
1594325400,9214.97645215,9214.97645214,9214.97645214,9214.97645215,2154.79351011,0.23383603,9214.97645214
1594325700,9215.92353624,9212.1211865,9215.92353624,9212.12118651,2706.59482175,0.29380737,9212.14066807
1594326000,9218.80399542,9215.92353624,9215.92353624,9218.80399542,157567.26028215,17.09477705,9217.27495019
1594326300,9219.19021135,9217.05162918,9219.19021135,9219.14836979,8813.48892683,0.95601906,9218.94687626
1594326600,9219.14836979,9214.17383541,9219.14836979,9218.21550391,22632.4876071,2.45514997,9218.37276079
1594326900,9223.216113,9218.3421105,9218.3421105,9222.75498966,12126.09001005,1.31509465,9220.6975445
1594327200,9226.70553977,9221.14836979,9223.40119826,9226.70553977,38858.62540572,4.2129741,9223.56142795
1594327500,9232.35038832,9219.5024156,9227.47752493,9231.28410073,148603.92828833,16.10460043,9227.42100521
1594327800,9235.9237537,9231.28410073,9231.28410073,9233.3680363,30881.76230665,3.34410303,9234.69224172
1594328100,9233.3680363,9233.36803629,9233.36803629,9233.36803629,65.45146799,0.00708858,9233.36803629
1594328400,9241.97869997,9232.46049216,9232.46049217,9240.53440509,8141.1245305,0.88149993,9235.53621894
1594328700,9246.0,9236.66817016,9240.93740671,9240.14901487,43111.93368778,4.66403491,9243.48434771
1594329000,9243.07808301,9239.93776689,9239.93776689,9243.07539762,856.788416,0.09270008,9242.58550802
1594329300,9246.0,9245.99999999,9245.99999999,9245.99999999,2442.07487825,0.26412231,9245.99999999
1594329600,9246.0,9240.98520247,9246.0,9241.08520249,15922.90092378,1.72250752,9244.02403989
1594329900,9241.0852025,9240.37484482,9241.08520248,9240.37484482,25351.06248403,2.74350057,9240.40722325
1594330200,9240.37484482,9232.46049217,9240.37484482,9239.57179252,19912.57351434,2.15547678,9238.12944732
1594330500,9240.28420488,9237.21192412,9239.57179252,9240.0,7446.58186257,0.80598698,9239.08456012
1594330800,9244.05283074,9240.0,9240.0,9243.56842001,5420.32792184,0.58645256,9242.56843868
1594331100,9244.04842312,9240.0021,9243.56842001,9241.6077849,56331.60125048,6.09471919,9242.69018709
1594331400,9245.54056222,9240.99195278,9240.99195278,9245.54056222,18712.03135379,2.02447192,9242.91968139
1594331700,9249.99990997,9245.54056221,9245.54056221,9249.15149999,25986.48059735,2.81014934,9247.36640414
1594332000,9254.53885996,9240.0,9249.47196948,9240.92847948,34842.22841595,3.76664089,9250.21243953
1594332300,9237.49993995,9234.83897139,9236.97970725,9236.49993997,28.096223,0.00304162,9237.25613331
1594332600,9240.17955617,9232.46049216,9236.49933954,9235.47395463,2934.83996418,0.31786835,9232.87884493
1594332900,9235.47395463,9232.46049216,9232.46049217,9232.46049216,1104.19757335,0.11956689,9234.97778822
1594333200,9239.89998999,9223.048772,9232.87899297,9225.61438091,6900.25024843,0.74749253,9231.19626149
1594333500,9230.24434461,9220.0,9227.77737704,9221.0646932,12972.8874564,1.40651626,9223.41804736
1594333800,9226.71792224,9221.02824385,9221.02824385,9226.71792224,12469.15677207,1.35166329,9225.0465514
1594334100,9230.40830543,9227.31418182,9229.82097504,9230.40830541,21334.10313072,2.31148126,9229.62409425
1594334400,9232.46537561,9230.4315,9230.4315,9232.46537561,10960.06888208,1.18734602,9230.72861446
1594334700,9242.38639998,9230.96458583,9232.4653756,9236.8785118,73491.93412525,7.95598315,9237.31646229
1594335000,9242.38638995,9237.99830433,9238.75690383,9241.05838882,15599.39224437,1.68826584,9239.89094299
1594335300,9243.00722965,9239.68379156,9241.05838882,9243.00722964,2696.47049043,0.29175484,9242.2476708
1594335600,9243.00722964,9234.0033789,9243.00722964,9234.00337891,3572.9657126,0.38677828,9237.76203929
1594335900,9234.96839754,9234.00337891,9234.00337891,9234.96839753,861.56343979,0.09330209,9234.12797925
1594336200,9230.45963277,9222.18235249,9230.45963277,9224.12445186,8978.34334247,0.97335257,9224.14304867
1594336500,9224.56966278,9222.18235251,9224.12445186,9224.56966278,3464.66900984,0.37561429,9224.00745149
1594336800,9225.2,9224.56966277,9224.91870404,9224.56966277,33011.41392693,3.57850546,9224.91646189
1594337100,9224.56966278,9222.6324744,9224.56966277,9222.6324744,12367.77731748,1.34076111,9224.44514928
1594337400,9226.62031943,9222.63,9222.63000001,9224.28095003,1774.02649251,0.19230304,9225.16093615
1594337700,9228.05219998,9226.69999999,9226.69999999,9228.05219998,11987.00920276,1.29898567,9227.97647395
1594338000,9233.5958917,9229.80000001,9230.0,9229.80000002,13347.84402913,1.44610574,9230.1991894
1594338300,9236.77488238,9224.27251168,9229.80000002,9236.77488237,69898.80883227,7.57439465,9228.30299478
1594338600,9239.35361682,9236.77488237,9236.77488237,9239.35000003,15.34562634,0.00166122,9237.56416574
1594338900,9239.35000003,9239.35,9239.35000003,9239.35000001,459.94916399,0.04978155,9239.35
1594339200,9239.35,9220.0,9239.35,9220.0,71749.78176302,7.78129629,9220.80063385
1594339500,9220.0,9211.08710844,9219.99999999,9214.69778559,81887.37942066,8.88349449,9217.92426537
1594339800,9223.87931901,9214.69778558,9214.69778559,9223.87931901,128139.67354986,13.89434451,9222.43388003
1594340100,9226.0,9222.3661462,9223.87931901,9222.38204307,66073.55922047,7.16242139,9225.03098082
1594340400,9222.9,9222.38204307,9222.38204307,9222.89999999,1569.25807546,0.17015743,9222.3893806
1594340700,9230.15823099,9221.0,9222.89999999,9229.88992751,14017.38236896,1.52005922,9221.60280634
1594341000,9235.77266984,9229.88992752,9229.88992752,9231.33748328,14041.8090086,1.52114396,9231.08487944
1594341300,9232.9111695,9231.0560941,9231.33748328,9232.9111695,30024.57726345,3.25236046,9231.6265779
1594341600,9232.9111695,9225.50604237,9232.9111695,9227.29344984,32467.21226557,3.51815143,9228.48629786
1594341900,9227.29344984,9220.46102879,9227.29344984,9221.9685543,105.99556706,0.01149335,9222.33874935
1594342200,9220.33015713,9212.73765829,9220.00000002,9219.19096269,57730.84866809,6.26359109,9216.8929674
1594342500,9219.65193045,9214.39540001,9219.19096268,9214.55478351,5942.02134816,0.6447441,9216.09262987
1594342800,9221.98084129,9214.5547835,9214.55478351,9221.17173764,11686.04446318,1.26790341,9216.82548608
1594343100,9221.17173764,9216.47090006,9221.17173764,9216.47090007,2889.65931319,0.31346846,9218.34149821
1594343400,9219.10703158,9212.8300345,9216.47090007,9216.36194815,13521.36759236,1.4670111,9216.94975066
1594343700,9219.10703158,9216.36194815,9216.36194815,9219.10703158,7087.37340636,0.76881621,9218.55355569
1594344000,9219.2540331,9216.65363007,9219.10703158,9219.2540331,2213.29235542,0.24007692,9219.09676044
1594344300,9225.0,9215.24540627,9219.2540331,9225.0,102822.0290395,11.15088255,9220.97677725
1594344600,9224.99999999,9218.82301489,9224.99999999,9224.36562217,6550.83210338,0.71032843,9222.2580805
1594344900,9227.96040915,9223.31045761,9223.31045761,9225.61529698,30393.69354217,3.29442285,9225.80218934
1594345200,9231.602336,9224.51280593,9224.51280593,9225.78587553,7796.85408601,0.84465652,9230.79843864
1594345500,9227.77949809,9225.78587553,9225.78587553,9225.79651952,2304.41230482,0.2497789,9225.80852437
1594345800,9228.93694456,9224.31843833,9225.79651952,9224.31843833,1104.48317993,0.11971657,9225.81711068
1594346100,9224.31843833,9221.27511488,9224.31843833,9222.23386226,363.05371126,0.03936655,9222.39086892
1594346400,9229.73125979,9222.23386226,9222.23386226,9225.85436415,4313.47533888,0.46755266,9225.64602432
1594346700,9225.85436416,9219.18986279,9225.85436415,9219.18986279,32532.45019868,3.52839903,9220.17320662
1594347000,9219.1898628,9215.52602484,9219.18986279,9218.11115018,16397.55852501,1.7793387,9215.53525757
1594347300,9221.4623198,9215.86001889,9218.11115019,9216.0,19873.76642544,2.15587915,9218.40467052
1594347600,9217.84376247,9215.99999999,9215.99999999,9216.00000001,1002.97101089,0.108827,9216.19644848
1594347900,9216.00000001,9210.0,9216.00000001,9210.65948704,37186.75749501,4.03648804,9212.65147487
1594348200,9210.65948704,9200.0,9210.65948704,9206.81742705,119984.26174925,13.03362349,9205.74864244
1594348500,9209.16411824,9200.00000001,9206.81742705,9200.26933373,12581.98561039,1.36698906,9204.15969561
1594348800,9209.96015165,9200.26933374,9200.26933374,9209.96015165,15390.8426777,1.67194922,9205.32902171
1594349100,9221.44089999,9209.96015165,9209.96015165,9219.29064936,37568.17014415,4.07833348,9211.64743598
1594349400,9220.0,9217.96334895,9219.29064936,9218.76725127,819.11315523,0.08884935,9219.12377785
1594349700,9220.0,9215.90249775,9218.76725127,9215.90249775,7115.8654796,0.7719184,9218.41671296
1594350000,9215.90249775,9215.90249774,9215.90249775,9215.90249775,10794.65331874,1.17130724,9215.90249774
1594350300,9215.90249775,9215.90249774,9215.90249775,9215.90249775,204.65137211,0.02220633,9215.90249774
1594350600,9226.73384718,9215.90249774,9215.90249775,9222.89334025,19241.9576942,2.08706941,9219.60601885
1594350900,9226.33505979,9222.89334024,9222.89334025,9226.33505979,376.3346571,0.04079696,9224.57597585
1594351200,9231.74921488,9223.82789518,9226.33505979,9224.2891186,10692.17295287,1.15887022,9226.37649009
1594351500,9227.87905436,9224.71872852,9226.38585798,9226.33730839,6137.76849495,0.66515033,9227.64105815
1594351800,9227.83689741,9224.02184434,9227.55761046,9224.10129625,392.31026464,0.04251802,9226.91754333
1594352100,9224.10129626,9224.10129625,9224.10129626,9224.10129626,36.67235176,0.00397571,9224.10129625
1594352400,9224.10129626,9217.32532835,9224.10129626,9217.32532835,676.03397235,0.07331135,9221.40940459
1594352700,9219.57832129,9213.33359562,9217.32532835,9213.33359562,7590.88636538,0.82354745,9217.3029804
1594353000,9213.33359562,9212.66679779,9213.33359561,9212.6667978,71.61755484,0.00777371,9212.78962647
1594353300,9223.48648723,9212.66679779,9212.6667978,9223.48648723,12946.02243227,1.40467684,9216.37067232
1594353600,9227.93240913,9223.99999999,9224.0,9226.50018593,18424.65712743,1.99711512,9225.63599009
1594353900,9226.98561712,9220.21045725,9226.50018593,9220.21045726,2756.75332673,0.29881066,9225.75294582
1594354200,9221.54188702,9220.21045725,9220.21045726,9221.54188702,951.14889362,0.10315884,9220.23642009
1594354500,9221.54188702,9221.54188701,9221.54188702,9221.54188702,354.8502803,0.03848058,9221.54188701
1594354800,9221.54188702,9214.41184888,9221.54188702,9216.2,105604.1954697,11.45655897,9217.79355792
1594355100,9216.2,9214.41184888,9216.2,9214.9532825,37135.44668592,4.02944081,9216.02982571
1594355400,9214.9532825,9192.63346053,9214.9532825,9198.21741513,71142.08877002,7.73032297,9202.99048902
1594355700,9195.88647877,9133.3831621,9195.44328579,9155.22705563,378225.75030899,41.30907803,9155.99592986
1594356000,9166.41761292,9151.76837208,9156.73720298,9160.39827863,71438.84417176,7.79877302,9160.26713286
1594356300,9161.46161338,9150.62617454,9158.25571537,9160.71172262,23985.69808607,2.61870001,9159.39129891
1594356600,9164.25382836,9152.77711133,9158.74590589,9161.52648238,10565.88040345,1.15386267,9156.96527686
1594356900,9165.08154041,9139.85017139,9161.52648238,9142.72832176,53277.64689898,5.8250567,9146.28812093
1594357200,9156.86789999,9129.35649314,9143.7493269,9154.19883702,49588.19814101,5.42543822,9139.94337972
1594357500,9160.88879231,9154.19883701,9154.19883701,9160.13669762,3831.13000804,0.41843562,9155.84100619
1594357800,9163.68213461,9148.01514606,9160.13669762,9151.53446673,17069.37501931,1.86464108,9154.2416406
1594358100,9156.70288403,9148.18441492,9151.48678888,9156.70288403,1167.44465763,0.12758819,9150.09968894
1594358400,9158.8004022,9145.61875069,9156.70288403,9147.06004349,15597.66243583,1.70448015,9150.97922133
1594358700,9153.49840883,9147.00000001,9147.06004349,9148.95246817,8308.85995115,0.90812839,9149.4331007
1594359000,9153.68957217,9144.71431036,9148.95246817,9144.99202427,6290.72267544,0.68759648,9148.85817251
1594359300,9150.15751336,9138.06151799,9144.99202426,9138.7569358,8658.04228998,0.94669769,9145.51961142
1594359600,9141.81627879,9128.9,9138.7569358,9137.72380002,12493.98476121,1.36767955,9135.16968299
1594359900,9149.19147614,9137.72380002,9137.72380002,9149.19147614,469.45106267,0.05133551,9144.76280983
1594360200,9152.42195922,9145.90000001,9149.47275835,9152.00938741,8599.54566269,0.93964546,9151.90465848
1594360500,9153.06651515,9144.17066056,9152.0093874,9150.49264919,7026.39223689,0.76818125,9146.78955896
1594360800,9155.84334925,9144.32720806,9147.68064605,9155.15871341,21849.74900423,2.38862124,9147.43142961
1594361100,9159.79833153,9155.15871341,9155.15871341,9159.79833152,6174.41871053,0.67440516,9155.35508437
1594361400,9159.99999999,9156.10925311,9159.79833153,9156.5425692,8431.21533157,0.92075576,9156.84234392
1594361700,9163.23500674,9155.00000002,9155.00000002,9158.33025932,17874.01345476,1.95155957,9158.83569711
1594362000,9161.64548993,9158.76174061,9159.46365897,9158.76174062,1684.48621755,0.183901,9159.74474065
1594362300,9164.90022143,9158.76174061,9158.76174061,9164.31192198,5135.36133349,0.56055108,9161.27274876
1594362600,9167.77646341,9158.4045636,9165.00676401,9158.4045636,7382.57863173,0.80559738,9164.10457011
1594362900,9160.8737968,9157.37605644,9158.40456361,9158.00000001,2985.36744586,0.3259398,9159.26022494
1594363200,9158.00000001,9154.0,9158.0,9154.00000001,19952.84398922,2.17873448,9157.99707233
1594363500,9160.48371936,9154.0,9154.0,9156.43770669,3710.52651485,0.40512992,9158.85579336
1594363800,9156.43770669,9151.73551156,9156.43770668,9151.73551156,3076.73474472,0.33615581,9152.70435078
1594364100,9153.23369754,9143.10000023,9150.86775578,9143.91032302,26691.81621209,2.91736388,9149.29275538
1594364400,9143.91032302,9132.00000001,9143.91032302,9133.31302695,10060.90752882,1.10069858,9140.47470546
1594364700,9137.8852763,9132.64892189,9133.32230041,9137.42840853,2088.05961862,0.22855758,9135.81434763
1594365000,9146.89778023,9134.25159116,9137.42840853,9145.6346176,4800.49296325,0.52519142,9140.46342047
1594365300,9149.54258085,9145.63461759,9145.6346176,9147.52097139,14022.90212406,1.53326419,9145.78336565
1594365600,9154.06970581,9147.06364233,9147.06364233,9154.0697058,23741.94520542,2.59442044,9151.15562588
1594365900,9156.8762974,9154.0697058,9154.0697058,9156.87629739,57608.22369253,6.29305993,9154.24679461
1594366200,9160.41859447,9156.87629739,9156.87629739,9160.41859447,4922.56519625,0.53744008,9159.28189847
1594366500,9160.58049742,9156.0383445,9160.41859447,9158.29364712,29243.54684771,3.19290774,9158.90756295
1594366800,9158.29364713,9158.29364712,9158.29364713,9158.29364712,40.40364408,0.0044117,9158.29364712
1594367100,9158.29364712,9155.36906511,9158.29364712,9155.82690668,1905.5254569,0.20812201,9155.80940673
1594367400,9155.82690669,9149.90000005,9155.82690668,9151.30557224,2242.51715889,0.24501065,9152.73339709
1594367700,9155.18986004,9150.45757606,9151.70809352,9155.18986004,6830.95958354,0.7464602,9151.13703791
1594368000,9160.07085564,9155.18986003,9155.18986004,9159.84186368,11063.9016508,1.20802969,9158.63388324
1594368300,9166.59780264,9159.84186368,9159.84186369,9165.70307293,19258.68074019,2.10099577,9166.45383831
1594368600,9171.1414334,9165.68307127,9165.68307128,9170.70859551,11494.22978882,1.25373056,9168.02234511
1594368900,9178.11013329,9171.1414334,9171.1414334,9178.11013328,17032.90170771,1.85625667,9175.94101235
1594369200,9178.11013328,9176.0,9178.11013328,9177.12057749,5000.18472496,0.54491056,9176.15677141
1594369500,9183.21431637,9176.0,9177.341155,9176.0,6106.79571354,0.66535287,9178.28116311
1594369800,9186.45195878,9176.0,9176.0,9184.71714277,19381.15549727,2.11118468,9180.22742438
1594370100,9196.99999999,9184.71714276,9184.71714277,9186.60834678,105834.49065047,11.51436788,9191.51548339
1594370400,9186.60834678,9183.00001001,9186.60834678,9183.00001002,5312.02137182,0.57825258,9186.33406154
1594370700,9190.19470134,9180.35675791,9183.00001002,9180.35675791,20418.08595115,2.22222002,9188.14778347
1594371000,9187.52024558,9180.35675791,9180.35675791,9185.94682332,7063.63561898,0.76914515,9183.7485018
1594371300,9185.94682333,9174.5445,9185.94682333,9174.5445,63104.24869572,6.87714147,9175.94162792
1594371600,9177.76366935,9166.64899777,9174.5445,9168.73622123,16955.67792556,1.84828887,9173.71640373
1594371900,9178.71361918,9168.73622123,9168.73622123,9169.87865405,24472.63158604,2.6677523,9173.50219735
1594372200,9172.83236549,9170.28594736,9170.28594736,9170.92728006,659.88497795,0.07195357,9170.98314859
1594372500,9170.92728005,9168.16463516,9170.92728005,9170.53411761,5880.00236644,0.64134656,9168.21377579
1594372800,9176.74119842,9170.5341176,9170.53411761,9176.74119842,7305.08506797,0.79633561,9173.37486386
1594373100,9180.4655802,9176.74119842,9176.74119843,9180.4655802,7123.60951897,0.77625505,9176.89297992
1594373400,9180.4655802,9180.46558019,9180.4655802,9180.46558019,1206.54737091,0.13142551,9180.46558019
1594373700,9180.4655802,9174.8,9180.46558019,9174.8,22089.86113166,2.40711657,9176.89712537
1594374000,9181.64401488,9174.8,9174.8,9180.7259675,10178.26431286,1.10873086,9180.10373849
1594374300,9184.15684818,9180.74119841,9180.74119842,9182.52445776,2464.26031099,0.26837384,9182.19268685
1594374600,9181.34240999,9181.24238997,9181.34240999,9181.24300001,3607.01822054,0.39286727,9181.26424872
1594374900,9184.61602027,9181.24300001,9181.24300001,9184.61602027,6615.47094774,0.72031913,9184.08337668
1594375200,9187.53619958,9184.61602027,9184.61602027,9187.42186962,363.9077993,0.03961917,9185.14444656
1594375500,9187.76684225,9180.0,9187.42186961,9180.0,1365.74639243,0.14869503,9184.88259113
1594375800,9180.00000001,9171.30354042,9180.00000001,9171.30354042,1450.95143074,0.15809216,9177.8835253
1594376100,9174.2128572,9168.8470805,9171.30354042,9174.2128572,31840.45115378,3.47221327,9170.07357494
1594376400,9174.2128572,9170.0692198,9174.2128572,9170.06921981,2252.01938717,0.24547504,9174.12779392
1594376700,9171.00000001,9170.0692198,9170.06921981,9171.00000001,1421.45371885,0.15500528,9170.35677011
1594377000,9171.00000001,9171.0,9171.0,9171.0,7988.83957458,0.87109798,9171.0
1594377300,9175.50872846,9171.00000001,9171.00000001,9175.50872846,32151.23947693,3.50494378,9173.1113236
1594377600,9177.07486769,9175.50872847,9175.50873347,9177.07486768,279.20850058,0.03042779,9176.10186568
1594377900,9184.29781528,9177.07486768,9177.07486768,9184.29781528,49967.26047459,5.44231884,9181.24460245
1594378200,9187.6261,9183.83866334,9183.83866334,9185.78060841,48839.93123581,5.31775924,9184.30659072
1594378500,9188.82933377,9183.8386634,9185.7806084,9184.10396558,28650.57314145,3.11859459,9187.01431514
1594378800,9191.216605,9184.26541901,9184.26541901,9190.73710788,26726.36536086,2.90801955,9190.57279407
1594379100,9192.09640338,9190.73710787,9190.73710789,9190.73710787,2424.2471503,0.26376203,9191.03917385
1594379400,9194.85402332,9190.73710787,9190.73710787,9192.91892147,33319.90615631,3.62490219,9191.94626774
1594379700,9195.55124759,9191.35958747,9192.73853085,9191.35958747,4276.57174951,0.46514434,9194.07457373
1594380000,9202.70578538,9191.35958747,9191.35958747,9202.70578538,39370.41704189,4.27975934,9199.21283281
1594380300,9203.31566844,9189.03245485,9203.01072691,9189.03245485,9303.4175845,1.01142273,9198.34734631
1594380600,9188.5730089,9180.00000001,9188.5730089,9180.00000001,54931.67363454,5.98155101,9183.51670707
1594380900,9180.00000001,9175.50036599,9180.0,9175.50036599,30449.73195714,3.31777504,9177.7566562
1594381200,9176.58303789,9173.21088483,9175.50036599,9173.21088483,23053.26402832,2.51242295,9175.70985742
1594381500,9177.21234699,9165.75967465,9173.21088483,9166.21797764,142635.81571196,15.54781432,9174.01075008
1594381800,9175.44140957,9165.00003008,9165.82309415,9170.47982095,1544.83975075,0.1684148,9172.82656127
1594382100,9173.5689513,9161.87124421,9171.62066612,9163.43562213,64340.26082816,7.01849955,9167.23871958
1594382400,9175.76999996,9162.52328201,9162.52328201,9172.68842826,4417.12844496,0.48188326,9166.38698959
1594382700,9183.39605646,9172.77940819,9172.87038812,9180.1335682,53958.76508615,5.87869133,9178.70356805
1594383000,9180.06469213,9179.77123464,9179.93107611,9179.95178655,3414.64947995,0.37196767,9179.96308644
1594383300,9183.80517948,9178.29832882,9179.95178655,9183.80517948,76011.56929334,8.2798938,9180.2589658
1594383600,9185.1,9179.79011437,9183.80517947,9179.79011438,36840.12915189,4.01120997,9184.29337467
1594383900,9179.79011438,9164.83417217,9179.79011438,9169.88573781,49825.07210727,5.43641,9165.06887951
1594384200,9172.37626024,9167.15251412,9169.88573781,9171.59610553,32189.68565329,3.50976432,9171.46643433
1594384500,9181.29424036,9169.19990591,9171.13482435,9179.10254366,77040.93463986,8.39726957,9174.52202738
1594384800,9190.32405398,9179.28011926,9179.28011926,9189.64901048,142245.19161178,15.48428873,9186.42077089
1594385100,9189.64901047,9185.98921161,9189.64901047,9186.79060009,57572.14547123,6.26723686,9186.2086526
1594385400,9191.0,9185.67979946,9186.7906001,9187.70073913,7144.27509876,0.77742089,9189.71330801
1594385700,9187.70073914,9184.02565124,9187.70073914,9185.89031295,3173.50586679,0.34548477,9185.66067847
1594386000,9200.39825748,9186.87594309,9187.07687818,9194.15847485,45269.07320905,4.92293027,9195.55442109
1594386300,9195.65070715,9192.28941292,9195.65070715,9192.30509455,23071.6561828,2.50960281,9193.34967703
1594386600,9196.36876074,9192.99999999,9192.99999999,9196.36876074,12497.15223702,1.35910639,9195.1243324
1594386900,9197.81308653,9190.00000001,9196.36876074,9190.00000001,5842.76683185,0.63536662,9195.8983175
1594387200,9201.9623,9190.00000001,9190.00000001,9196.48541791,98767.88252058,10.74001775,9196.24946807
1594387500,9196.48541791,9187.46139402,9196.48541791,9187.46139403,84257.03340268,9.16791557,9190.42423104
1594387800,9189.81850803,9175.86010391,9187.46139402,9175.86010392,25363.10410829,2.76326535,9178.67120806
1594388100,9179.01100187,9166.0,9176.9674388,9173.90554378,95827.92668319,10.44971318,9170.38822334
1594388400,9187.45279632,9173.15640879,9173.15640879,9185.16179216,54637.50780486,5.95210746,9179.52308019
1594388700,9185.16183219,9174.0781416,9185.16183219,9177.35204417,5235.38703901,0.5703938,9178.54829245
1594389000,9177.84360673,9174.17814161,9176.37451058,9175.08705861,9903.86414952,1.07929326,9176.24941855
1594389300,9182.72241774,9174.37814187,9174.37814187,9182.72241774,21827.31109675,2.37861964,9176.46130961
1594389600,9185.70828803,9168.53958053,9183.53206455,9169.05586845,233409.20641699,25.4399942,9174.8922811
1594389900,9175.44453138,9168.71537045,9169.05586845,9172.74258239,72707.28852901,7.92669934,9172.45443663
1594390200,9179.16610085,9172.63405806,9172.7425824,9178.38965955,77094.65206239,8.40313789,9174.50755558
1594390500,9179.16610086,9177.9498138,9179.16610084,9177.94981381,24562.77836238,2.67596519,9179.03508392
1594390800,9179.16413743,9172.56494107,9177.9498138,9179.16413742,27585.20719016,3.00686748,9174.06815353
1594391100,9182.13886496,9179.16413742,9179.16413742,9182.13886496,9200.22440214,1.00227837,9179.31053639
1594391400,9187.185896,9177.7544151,9182.13886496,9183.73572311,69315.46478047,7.54944188,9181.53499056
1594391700,9186.96028922,9183.73572311,9183.73572312,9184.91000001,30770.25492526,3.35007212,9184.952987
1594392000,9191.69994099,9184.91,9184.91000001,9189.53802924,29646.41451276,3.22615467,9189.39652473
1594392300,9193.92331617,9189.53802923,9189.53802924,9192.1,20760.31441194,2.25904734,9189.85363624
1594392600,9192.1,9190.46008587,9192.09999999,9190.46008588,16189.73417927,1.76155586,9190.58801761
1594392900,9190.46008588,9186.03109444,9190.46008588,9188.47815557,3107.5294396,0.33825478,9186.94907904
1594393200,9188.47815557,9187.0,9188.47815557,9187.45938402,43424.27725281,4.72630628,9187.78316093
1594393500,9187.45938402,9187.45938401,9187.45938402,9187.45938402,21738.88001034,2.36614706,9187.45938401
1594393800,9194.95541091,9187.45938402,9187.45938402,9194.87915963,4221.04765634,0.45916496,9192.87842945
1594394100,9228.888,9194.87915962,9194.87915963,9217.73825946,141217.8657407,15.32606426,9214.22899871
1594394400,9224.06812427,9209.73430501,9217.23846341,9224.06812427,70300.3524243,7.62898818,9214.89859017
1594394700,9232.39655782,9219.83620001,9224.51831109,9230.03782867,44661.37914464,4.83950518,9228.50115528
1594395000,9235.0,9224.0698075,9230.03782868,9225.66838756,35954.65161953,3.89592542,9228.78334245
1594395300,9228.06835998,9222.68618973,9225.66838756,9228.06835998,5730.34510001,0.62118118,9224.91743876
1594395600,9238.99999999,9228.06835997,9228.06835998,9238.99999997,23626.39237305,2.55935656,9231.37977033
1594395900,9245.38082967,9237.74596882,9238.99999997,9243.84244729,26058.48851597,2.82037309,9239.37638192
1594396200,9244.91446139,9238.52406008,9242.37908468,9239.36622494,791.75449022,0.08566116,9242.86444667
1594396500,9245.78488443,9235.79471986,9238.80503371,9244.56220143,14435.32696992,1.56201407,9241.4833177
1594396800,9250.0,9224.84527813,9244.56220143,9225.81432253,45908.48365431,4.96838649,9240.11925133
1594397100,9237.5225569,9228.34075259,9229.08153252,9233.51120848,9326.22002112,1.01003445,9233.56626214
1594397400,9234.64088839,9230.30334633,9233.22668249,9230.30334634,78283.39328547,8.47857877,9233.07967161
1594397700,9230.30334634,9216.7121802,9230.30334633,9216.77946132,78617.49693072,8.52299387,9224.16443445
1594398000,9222.14094251,9216.77946132,9216.77946132,9217.14018967,60006.20176193,6.50818847,9220.10818195
1594398300,9219.91534137,9212.95465493,9218.64834383,9217.41487884,20957.7464784,2.274076,9215.93934345
1594398600,9220.75319997,9213.53039326,9217.3161999,9220.6409943,36601.63855979,3.97109419,9217.01596803
1594398900,9224.26519999,9220.21720001,9220.6409943,9220.21720001,45976.7030163,4.98577993,9221.56686853
1594399200,9231.23401484,9213.74751858,9220.02606432,9225.46345349,69576.87619308,7.54557182,9220.8884698
1594399500,9229.93966744,9225.46345348,9225.46345349,9228.10000001,5638.92796744,0.61104448,9228.34286538
1594399800,9232.25067451,9226.83898247,9228.1,9226.83898247,7566.66739347,0.8197524,9230.43030246
1594400100,9229.17595837,9224.16711496,9226.68001522,9224.16711496,42429.41309367,4.59808072,9227.63554565
1594400400,9227.56137957,9218.0140986,9224.16711495,9219.81685207,50049.2566572,5.4271858,9221.95378997
1594400700,9218.04604948,9207.83246643,9218.04604948,9213.52027425,42935.96527729,4.66120856,9211.33751571
1594401000,9213.52027425,9211.83877444,9213.52027425,9213.0,595.42386592,0.06462929,9212.91052281
1594401300,9220.40880765,9213.00000001,9213.00000001,9215.14043935,28075.82068277,3.04581081,9217.84786848
1594401600,9214.24037099,9211.34214418,9213.00000001,9213.1126662,678.90875034,0.07369431,9212.4989072
1594401900,9214.24037098,9208.56045283,9214.24037097,9208.56045283,101.65725761,0.01103552,9211.82306006
1594402200,9210.8625891,9208.56045282,9208.56045282,9210.8625891,214.11969994,0.02325145,9208.87514308
1594402500,9214.8090498,9210.8625891,9210.8625891,9213.04680222,6091.52540003,0.66118535,9213.03746375
1594402800,9217.53546525,9213.04680221,9213.04680222,9217.53546524,6062.43196103,0.6580089,9213.29781563
1594403100,9220.0,9217.53546525,9217.53546525,9220.0,78966.44597091,8.56469483,9219.99528743
1594403400,9222.66040289,9220.0,9220.0,9220.86027253,18316.43710324,1.98657866,9220.09154334
1594403700,9220.86027253,9220.86027252,9220.86027252,9220.86027253,1756.39186213,0.19048026,9220.86027252
1594404000,9220.58013626,9217.8696856,9220.58013626,9217.8696856,21629.01432657,2.34589542,9219.93970497
1594404300,9220.35256529,9216.32164418,9217.8696856,9218.26336131,26287.2241675,2.85177373,9217.85059276
1594404600,9221.74683826,9218.26336131,9218.26336131,9221.74683825,6594.58247046,0.71524463,9220.03772396
1594404900,9224.92775885,9221.74683825,9221.74683825,9221.86771252,1456.39886876,0.15792717,9221.96521832
1594405200,9221.86771252,9215.28232317,9221.86771252,9215.28232317,91792.07212772,9.9563591,9219.44168603
1594405500,9215.42102953,9214.34201178,9215.28232318,9215.19999999,5477.06067449,0.59436181,9215.02792128
1594405800,9215.2,9209.82048142,9215.19202241,9212.98888531,7546.14081461,0.81907698,9212.98119575
1594406100,9212.98888531,9209.65074872,9212.98888531,9210.48697829,7322.83911498,0.79493324,9211.89195081
1594406400,9215.07606902,9211.04763047,9215.07606902,9214.7392996,2002.7649916,0.21739963,9212.36614619
1594406700,9214.73929959,9210.0562467,9213.98683868,9210.0562467,5635.0274968,0.61154707,9214.38066378
1594407000,9218.0,9209.65074874,9209.65074875,9218.0,13315.11186948,1.44502802,9214.43161322
1594407300,9218.0,9216.04390872,9217.99999999,9216.8456177,218850.75482698,23.74315686,9217.42446117
1594407600,9218.0,9216.80000001,9216.84561769,9218.0,3495.9836684,0.37930423,9216.83280043
1594407900,9217.99644947,9217.71852642,9217.96007178,9217.71852644,8316.96483462,0.9022681,9217.84205229
1594408200,9221.54499998,9217.71852643,9217.71852644,9219.02985736,19125.88582053,2.07457044,9219.20290184
1594408500,9224.07097964,9219.02985747,9219.02985747,9221.88460001,3098.17528413,0.33595965,9221.86722165
1594408800,9227.75859229,9221.86108213,9221.88460001,9227.75859229,14668.28128203,1.59049246,9222.47772368
1594409100,9231.0818864,9227.75859228,9227.75859228,9229.09078664,105853.45232758,11.46795027,9230.37245849
1594409400,9230.99238626,9229.09078662,9229.09078664,9229.09078663,5906.2138736,0.63995597,9229.09411033
1594409700,9231.82129999,9227.40412304,9228.92119511,9229.76724695,22781.10372718,2.4685634,9228.4863849
1594410000,9236.50507424,9229.76724695,9229.76724695,9236.50507423,34082.39540054,3.69171396,9232.13330442
1594410300,9236.50507424,9229.39764153,9236.50507424,9233.31850261,13621.22139263,1.47514334,9233.82902751
1594410600,9233.31850261,9232.96216578,9233.31850261,9232.96216578,1758.04791942,0.19040263,9233.3174149
1594410900,9234.91813242,9230.80777689,9234.91813241,9231.13377252,76067.47681741,8.23708536,9234.75640871
1594411200,9235.07511895,9231.13377253,9231.13377253,9235.07511895,2748.65897027,0.29763278,9235.06802671
1594411500,9238.63811933,9235.07511895,9235.07511895,9238.20013007,36180.54561232,3.91725138,9236.20725416
1594411800,9240.92020755,9236.90181167,9238.20013007,9240.92020755,21219.39501812,2.29633541,9240.54688427
1594412100,9243.55936246,9240.92020755,9240.92020755,9243.55362515,776.36352257,0.08400548,9241.81996903
1594412400,9247.09952412,9243.55362515,9243.55362515,9245.16953422,1037.15425095,0.11218301,9245.19899182
1594412700,9247.85265962,9241.28915716,9244.95054259,9244.1309687,3830.41486181,0.41444298,9242.32052818
1594413000,9250.0,9244.02397781,9244.02397781,9250.0,1656.6705837,0.1791041,9249.76359394
1594413300,9250.0,9249.99999999,9249.99999999,9250.0,591.24843749,0.06391875,9249.99999999
1594413600,9249.99999999,9238.75124653,9249.99999999,9238.75124653,14651.82470419,1.58472216,9245.67414656
1594413900,9238.75124653,9232.70057539,9238.75124653,9238.0134084,91335.70688494,9.88859568,9236.46894267
1594414200,9239.43304956,9232.17841859,9238.0134084,9232.17841859,43973.98701675,4.7607309,9236.81424983
1594414500,9232.66698041,9230.02147391,9232.17841859,9231.63640119,6272.98287006,0.67948682,9231.94193827
1594414800,9233.45776887,9229.9907321,9232.42768702,9232.74522414,6408.01415059,0.69409329,9232.20875769
1594415100,9232.74522414,9232.74522413,9232.74522413,9232.74522413,3312.87822263,0.35881833,9232.74522413
1594415400,9232.74522414,9230.89643744,9232.74522413,9230.89643744,448.13838086,0.04853799,9232.73462421
1594415700,9231.39999998,9219.28204116,9231.39999998,9220.81318148,493.52742212,0.05352157,9221.0938903
1594416000,9217.71852644,9210.6324253,9217.71852644,9212.97358257,7735.66864822,0.83942321,9215.45718068
1594416300,9220.39667331,9215.51213479,9217.80289121,9218.09659675,13116.17309744,1.42285073,9218.23549083
1594416600,9224.82713524,9218.09659675,9218.09659675,9224.82713524,3537.75730219,0.38360717,9222.34405105
1594416900,9223.45968651,9223.39834607,9223.39834608,9223.45968651,512.55583679,0.05557105,9223.43264696
1594417200,9228.86031486,9221.53823797,9223.39834607,9221.53823797,48682.29429368,5.27656823,9226.12807636
1594417500,9219.66855353,9218.21727016,9218.51400584,9218.41412192,11311.91078841,1.22709566,9218.44250383
1594417800,9218.21727017,9212.37886078,9218.21727016,9213.89184226,6311.47253523,0.68491776,9214.93484887
1594418100,9218.90389998,9215.68288036,9215.68288036,9217.83236326,9771.299502,1.06013717,9217.01434353
1594418400,9222.4661,9213.702886,9214.54605226,9222.4661,4744.23221569,0.51464953,9218.37471743
1594418700,9221.56502735,9219.48199312,9220.22210196,9219.48199312,1377.61511052,0.14939828,9221.09083533
1594419000,9221.41036911,9219.56753869,9219.56753869,9219.75095597,3489.65070499,0.37850422,9219.58203001
1594419300,9240.65151714,9212.72474503,9219.56753871,9237.88599238,2119.51263508,0.22970732,9227.01390222
1594419600,9236.71999825,9228.41492491,9236.71999824,9234.80857733,8217.46403277,0.88987006,9234.45388507
1594419900,9239.46869386,9234.80857733,9234.80857733,9238.54484787,1283.12384348,0.13888933,9238.46233172
1594420200,9240.71259784,9238.54484787,9238.54484787,9238.7923833,14455.01410198,1.56431791,9240.45809971
1594420500,9238.79238331,9235.95285746,9238.79238331,9236.41471193,13086.10503761,1.4167247,9236.87222903
1594420800,9240.45879836,9232.37289612,9240.45879836,9235.80496723,11211.58087454,1.21394453,9235.66159529
1594421100,9235.80496722,9231.27903012,9235.80496722,9231.27903012,18446.83814435,1.9982936,9231.29521325
1594421400,9228.94207203,9228.94207202,9228.94207203,9228.94207203,29.84732155,0.0032341,9228.94207202
1594421700,9229.0,9223.94207218,9228.94207202,9229.0,47694.25388268,5.16796789,9228.82163702
1594422000,9229.0,9228.28757404,9229.0,9228.28757404,18651.87663449,2.02110698,9228.54496029
1594422300,9228.54,9228.53795751,9228.53795751,9228.54,9711.16449124,1.0522971,9228.53868099
1594422600,9243.70817127,9233.19560509,9233.1956051,9241.94486835,16066.56244869,1.73865864,9240.78026535
1594422900,9282.655,9241.89680237,9242.08122139,9275.34645985,95190.90817669,10.2830772,9257.04498033
1594423200,9281.49612917,9266.10005675,9276.55644064,9266.15720258,35590.23617532,3.83844094,9272.05517335
1594423500,9270.00000001,9264.16201227,9269.88869716,9270.00000001,43691.84200291,4.71410092,9268.32979276
1594423800,9309.53454221,9275.34694784,9275.34694784,9294.52147666,101400.37366124,10.90743692,9296.44373879
1594424100,9299.70724216,9290.00000001,9299.70724216,9294.21851351,58989.57253164,6.34436437,9297.9483982
1594424400,9297.03841296,9289.0,9297.03841295,9289.0,2513.32849553,0.2703936,9295.07390535
1594424700,9292.16265931,9281.35317026,9292.16265931,9281.35317026,22683.64321723,2.44151506,9290.80618377
1594425000,9287.98446559,9277.78204554,9277.78204554,9284.99999999,8641.33627514,0.93088247,9282.95091339
1594425300,9283.28366623,9279.03832642,9282.41351001,9282.77861507,4331.33413119,0.46660668,9282.62349607
1594425600,9295.18674156,9286.7331488,9286.7331488,9287.64954785,1568.19775712,0.1687784,9291.46002759
1594425900,9287.64954785,9277.78204554,9287.64954785,9277.78204554,14311.50564411,1.54180744,9282.29120759
1594426200,9282.00643568,9271.10342735,9282.00643568,9276.80711904,3981.52743401,0.42925415,9275.4547254
1594426500,9281.54786295,9275.09731055,9276.28879329,9275.09731055,13256.53523225,1.42862822,9279.20577703
1594426800,9274.46891431,9270.90071133,9272.96918968,9274.46891431,2158.46996892,0.23279108,9272.13348952
1594427100,9276.21285384,9271.76485774,9272.31923278,9271.76485774,645.17603236,0.0695723,9273.46131099
1594427400,9285.62581655,9273.4446668,9273.44466681,9284.49915011,6696.05637168,0.72193217,9275.18768374
1594427700,9284.49915012,9275.92099185,9284.49915012,9275.92099185,39383.35957133,4.24323889,9281.43821083
1594428000,9278.68038753,9275.92099186,9275.92099186,9278.68038753,540.21172656,0.05822723,9277.64770137
1594428300,9294.60306248,9285.51559755,9286.68620406,9294.60306248,1441.39723373,0.15519461,9287.67586541
1594428600,9289.58681378,9283.7471038,9289.58681378,9284.4049256,4565.3300327,0.49153279,9287.94604467
1594428900,9285.48436842,9278.68561188,9284.4049256,9278.68561188,4212.84885537,0.45373949,9284.73044163
1594429200,9278.11622855,9276.08572207,9278.11622854,9276.08572207,334.48452852,0.0360539,9277.34665403
1594429500,9284.23578718,9276.08572206,9276.08572206,9281.87944161,23950.59357321,2.58039233,9281.7643638
1594429800,9284.70002212,9278.21893808,9284.70002212,9278.21893808,1936.25172886,0.20868589,9278.30687962
1594430100,9276.04331937,9267.94671637,9274.95111885,9268.87912879,20865.11269921,2.24952244,9275.35210505
1594430400,9275.79005906,9268.87912878,9268.87912878,9272.90376205,22061.92315237,2.37863419,9275.03827411
1594430700,9274.72947039,9272.90376205,9272.90376205,9274.72947039,81.54507745,0.00879305,9273.81027642
1594431000,9275.86375633,9271.03108728,9275.86375633,9271.03108728,4348.13194978,0.46893211,9272.41248159
1594431300,9271.67644627,9271.03108728,9271.03108728,9271.67644627,254.86865577,0.02749083,9271.04259024
1594431600,9276.86337844,9271.67644628,9271.67644628,9273.38333,96906.84276631,10.44985871,9273.50746604
1594431900,9276.67305748,9272.70371018,9273.4973273,9272.70371018,2298.80414024,0.24782236,9276.01585364
1594432200,9277.6992633,9271.43340648,9271.44718423,9277.0751287,5668.71395374,0.61121458,9274.50708676
1594432500,9281.97088378,9277.07512868,9277.07512868,9281.43665484,3697.46121394,0.39846518,9279.2580118
1594432800,9284.38131346,9281.43665484,9281.43665484,9282.39949755,11205.82125128,1.20707394,9283.45885032
1594433100,9279.09579821,9276.95255362,9279.09579821,9276.95255363,136.83180102,0.01474905,9277.32979552
1594433400,9279.00229537,9276.95255363,9276.95255363,9278.53837076,26040.28577795,2.8065013,9278.55824544
1594433700,9278.53837076,9271.84716075,9278.53837076,9271.84716075,19632.2404453,2.11672063,9274.83776888
1594434000,9271.85938803,9270.02545297,9271.84716075,9271.85938803,18848.58343895,2.03300233,9271.30439587
1594434300,9274.05044586,9273.58680997,9273.58680997,9274.05044586,14376.69147437,1.55020654,9274.04904018
1594434600,9271.28842237,9271.28842236,9271.28842237,9271.28842236,5686.4357235,0.61333824,9271.28842236
1594434900,9270.49178927,9270.49178926,9270.49178927,9270.49178926,35.01195904,0.00377671,9270.49178926
1594435200,9270.64359219,9269.97065797,9269.97065798,9270.64359219,1197.83179643,0.12921562,9270.02320951
1594435500,9270.64359219,9270.64359218,9270.64359218,9270.64359219,1283.92044819,0.13849313,9270.64359218
1594435800,9271.89971942,9271.89971941,9271.89971941,9271.89971942,7045.43241305,0.75986935,9271.89971941
1594436100,9274.99999999,9271.89971941,9271.89971942,9274.87952643,3301.15315772,0.35598432,9273.31057088
1594436400,9278.23736708,9273.08308532,9273.08308532,9277.77351484,2544.05755728,0.27431534,9274.20813319
1594436700,9278.81908024,9277.77351483,9277.77351484,9278.81908023,2724.24908585,0.29359877,9278.81641278
1594437000,9280.53599341,9275.90771205,9276.13403654,9280.5359934,16658.79459616,1.79527676,9279.23480509
1594437300,9285.68552119,9280.5359934,9280.53599341,9284.75717739,19702.02983816,2.1228986,9280.72110376
1594437600,9284.00396301,9281.00001049,9284.00396301,9281.0000105,1021.77148769,0.11007581,9282.43442131
1594437900,9281.0000105,9281.00001049,9281.00001049,9281.00001049,138.01478123,0.01487068,9281.00001049
1594438200,9281.0000105,9275.41916147,9281.00001049,9275.41916147,77.67752833,0.00837281,9277.35471544
1594438500,9275.41916148,9275.0,9275.41916147,9275.00000001,1245.75012635,0.13430982,9275.1976464
1594438800,9275.00000001,9272.83283683,9275.0,9272.83283683,9096.46425367,0.98075218,9274.98754442
1594439100,9269.59145341,9260.46307187,9269.59145341,9260.46307187,11720.91352,1.26527992,9263.49445267
1594439400,9263.9,9260.46307186,9260.46307187,9262.67295936,256.69390323,0.02771405,9262.22992448
1594439700,9265.49473472,9262.67295935,9262.67295935,9265.49473472,33568.9206101,3.62365756,9263.82254787
1594440000,9265.49473472,9253.67282,9265.49473472,9253.67282001,37520.24277146,4.05194479,9259.81095894
1594440300,9260.6015626,9253.67282001,9253.67282001,9256.35529714,4818.99041939,0.52065714,9255.5926908
1594440600,9259.33706453,9256.0,9256.35529714,9258.11403221,9317.04679504,1.006514,9256.74833637
1594440900,9265.7617074,9253.2772,9259.33706452,9264.71534974,86652.43381002,9.36123098,9256.52128391
1594441200,9264.71534974,9264.31987,9264.71534974,9264.31988001,8701.42815599,0.93924087,9264.32019083
1594441500,9264.90880699,9264.0,9264.31988001,9264.90880699,10393.29647,1.12185515,9264.38361494
1594441800,9268.33156288,9264.72161333,9265.39097059,9268.33156288,8165.13144747,0.88097764,9268.2618454
1594442100,9268.33156288,9268.33156287,9268.33156287,9268.33156287,4679.48514228,0.5048897,9268.33156287
1594442400,9272.90757566,9267.34356018,9268.33156288,9267.34356018,38426.41102744,4.14466491,9271.29499292
1594442700,9266.28711036,9261.56528705,9266.28711035,9261.70505448,39766.30427028,4.29314109,9262.75271104
1594443000,9261.70505449,9250.2183015,9261.70505449,9254.09027933,21990.4969907,2.37650317,9253.30008741
1594443300,9255.30227778,9254.72840416,9254.72840416,9255.30227778,962.40875513,0.10398465,9255.296384
1594443600,9258.3307,9255.30227778,9255.30227778,9258.06617733,13890.10781985,1.50073699,9255.52439395
1594443900,9258.06617734,9258.06617733,9258.06617733,9258.06617734,765.25906666,0.08265863,9258.06617733
1594444200,9262.62248424,9255.40228782,9258.06617733,9262.62248424,24263.61268632,2.62060258,9258.79142129
1594444500,9269.59236698,9262.77703243,9262.79647327,9269.59236698,6108.94642067,0.65933613,9265.29905266
1594444800,9269.8406122,9269.84061219,9269.84061219,9269.8406122,3745.93156027,0.40409881,9269.84061219
1594445100,9269.8406122,9269.84061219,9269.8406122,9269.84061219,19.47231988,0.00210061,9269.84061219
1594445400,9269.8406122,9262.68830736,9269.84061219,9264.25294896,10707.60069473,1.15538522,9267.55900056
1594445700,9268.77789594,9263.15715291,9264.25294895,9266.77160469,2136.33491135,0.23053441,9266.88085893
1594446000,9269.78549055,9260.5707716,9266.7716047,9260.5707716,16104.51606157,1.73838352,9264.07543346
1594446300,9260.5707716,9260.57077159,9260.5707716,9260.5707716,137.14414502,0.01480947,9260.57077159
1594446600,9264.3368657,9258.72802107,9260.5707716,9258.72802107,3604.14514087,0.38914366,9261.73419058
1594446900,9259.8031968,9256.80834911,9258.72802107,9259.8031968,3721.26717973,0.40198302,9257.27454789
1594447200,9262.83692241,9259.80319679,9259.80319679,9262.83692241,1704.51717965,0.18405667,9260.82808982
1594447500,9263.1,9259.3701526,9262.83692241,9262.36378675,2554.85024658,0.27591103,9259.6886996
1594447800,9265.3914,9261.70087557,9262.36378675,9263.46233824,15272.61711517,1.648968,9261.92449773
1594448100,9263.46233824,9261.80087557,9263.46233824,9261.80087557,8256.99594478,0.8915088,9261.82214329
1594448400,9263.99516662,9257.38200002,9261.80087557,9261.08686433,2029.63607774,0.21916279,9260.86074073
1594448700,9264.25273971,9259.38894371,9261.08686433,9264.2527397,922.17997523,0.09957641,9261.02854319
1594449000,9264.25273971,9264.25269972,9264.25273971,9264.25269972,187.77482269,0.02026875,9264.25273872
1594449300,9264.25269972,9262.58779042,9264.25269972,9262.58779042,1255.23762822,0.13550255,9263.57200088
1594449600,9262.57527199,9255.30227778,9262.57527199,9255.32805592,11597.67648985,1.25253923,9259.33193314
1594449900,9258.51050182,9253.17044894,9258.51050182,9255.53671079,18618.04463262,2.01169268,9254.91493692
1594450200,9255.53671079,9254.0,9255.53671079,9254.00000001,9458.88686163,1.0220864,9254.48852624
1594450500,9254.00000001,9254.0,9254.00000001,9254.0,2297.5317603,0.24827445,9254.0
1594450800,9259.58197419,9254.00000001,9254.00000001,9259.58197419,1455.60421069,0.15725288,9256.4550213
1594451100,9263.36629218,9259.5819742,9259.5819742,9263.36629218,4465.86722151,0.48223745,9260.72253724
1594451400,9266.28321017,9262.6405047,9263.36629218,9265.09199607,16275.58139979,1.75699621,9263.29909374
1594451700,9267.35837716,9265.09199606,9265.09199606,9266.57468666,13249.59054119,1.42992678,9265.92237205
1594452000,9275.89063905,9266.57468665,9266.57468666,9273.99999999,36648.07311747,3.9523181,9272.55149768
1594452300,9273.99999999,9273.99999998,9273.99999999,9273.99999998,5464.59757077,0.58923847,9273.99999998
1594452600,9273.99999998,9267.8185403,9273.99999998,9267.81854031,2432.60862928,0.26242474,9269.7381706
1594452900,9267.8185403,9265.00000002,9267.8185403,9265.00000002,9695.4924932,1.04628912,9266.55195764
1594453200,9265.00000003,9265.0,9265.00000002,9265.0,217.45186625,0.02347025,9265.00000002
1594453500,9265.00000001,9265.0,9265.0,9265.0,87.49782615,0.00944391,9265.0
1594453800,9265.00000001,9265.0,9265.0,9265.0,17264.73426206,1.86343597,9265.0
1594454100,9265.56222334,9265.0,9265.00000001,9265.56222333,3298.24469781,0.35597682,9265.3355851
1594454400,9265.56222333,9263.36612218,9265.56222333,9263.36612218,27654.56214238,2.98502574,9264.43004219
1594454700,9263.36612219,9261.34964678,9263.36612218,9261.34964678,1077.55117592,0.11632513,9263.2707647
1594455000,9262.55605231,9259.27857676,9262.55605231,9259.27857676,13958.60112897,1.50752573,9259.27886416
1594455300,9259.27857677,9259.27857676,9259.27857676,9259.27857677,3253.26725021,0.35135213,9259.27857676
1594455600,9259.27857676,9258.55072169,9259.27857676,9258.5507217,3184.23469592,0.3439234,9258.55785308
1594455900,9259.88001471,9257.46966466,9258.55072169,9259.41707936,2038.35296691,0.22016561,9258.27138451
1594456200,9260.80591459,9258.14566355,9259.41707936,9260.80591458,1132.87097703,0.12234082,9259.95899841
1594456500,9260.80591459,9260.80591458,9260.80591458,9260.80591459,122.40359087,0.01321738,9260.80591458
1594456800,9266.13674069,9260.80591458,9260.80591459,9266.13674068,2294.70102943,0.24776072,9261.76283888
1594457100,9266.13674069,9263.89673543,9266.13674069,9263.89673543,15107.92238228,1.63044531,9266.1325649
1594457400,9263.89673544,9263.89673543,9263.89673543,9263.89673544,10049.58162076,1.08481149,9263.89673543
1594457700,9263.89673543,9258.07135446,9263.89673543,9258.14698861,82.28182783,0.00888567,9260.05893022
1594458000,9258.14698862,9258.14698861,9258.14698862,9258.14698861,1029.65740841,0.11121636,9258.14698861
1594458300,9258.14698862,9253.80274696,9258.14698861,9253.80274696,1483.11066478,0.16026804,9253.9389936
1594458600,9253.80274697,9191.61765551,9253.80274697,9214.00001,225388.36159374,24.45498777,9216.45775142
1594458900,9219.39291636,9209.77068895,9214.0,9212.19514682,17107.40887131,1.85688339,9212.96887216
1594459200,9210.59321505,9190.0,9210.59321505,9191.32066368,13146.99948943,1.42811704,9205.82775865
1594459500,9201.69030288,9182.42787183,9190.0,9198.14302022,7530.71510433,0.81955544,9188.78057149
1594459800,9200.16774801,9181.88156672,9193.79934126,9200.16774801,7623.78404503,0.82948252,9191.0123013
1594460100,9204.18924198,9192.58860699,9200.16774804,9201.40591886,2285.19035003,0.24838575,9200.16687767
1594460400,9204.62939999,9197.92228576,9201.2701402,9204.2159326,2928.46144785,0.3182516,9201.71791079
1594460700,9218.66333095,9204.2159326,9204.21593261,9215.09429038,6395.46851133,0.69412465,9213.71761013
1594461000,9212.41101999,9206.30100946,9212.41101999,9209.98831075,4426.41339958,0.48060362,9210.11248227
1594461300,9211.0,9206.79913914,9209.28638502,9206.79913914,15641.10213948,1.69853238,9208.59815429
1594461600,9230.81765467,9199.92554079,9202.95953331,9220.45929843,52693.81792766,5.71807374,9215.30926735
1594461900,9220.45929843,9218.04569341,9220.45929843,9218.04569342,91.49406877,0.00992497,9218.57383663
1594462200,9217.43068727,9214.79244145,9217.43068727,9217.07474148,7691.81339174,0.83466714,9215.42615388
1594462500,9220.36229762,9209.73624604,9217.07474148,9219.26474322,5717.38867673,0.62045866,9214.77778509
1594462800,9219.09786671,9211.14163344,9218.69624019,9215.8076317,4307.08930569,0.46748523,9213.31633448
1594463100,9215.28787253,9209.5860068,9215.28787253,9211.10583902,1582.09852663,0.17173388,9212.500915
1594463400,9225.39901053,9211.10583902,9211.10583902,9222.72220107,19599.93971379,2.12497742,9223.59905066
1594463700,9222.72220106,9213.26667521,9222.72220106,9215.11549238,1664.43755612,0.18065167,9213.51879072
1594464000,9215.11549238,9215.11549237,9215.11549238,9215.11549238,1977.26834806,0.21456794,9215.11549237
1594464300,9215.11549237,9209.27753099,9215.11549237,9209.27753099,8880.50719863,0.96386335,9213.45043219
1594464600,9214.07539728,9206.57575313,9206.72960346,9214.07539728,2124.26258397,0.23063705,9210.41343522
1594464900,9214.07539728,9209.66670423,9214.07539728,9209.66670423,3356.51763471,0.36441199,9210.77716107
1594465200,9209.66670423,9199.63140001,9209.66670423,9207.35798433,25919.08503051,2.8157083,9205.17406952
1594465500,9208.61365054,9203.41655447,9207.35798433,9208.61365054,1558.88608301,0.16932683,9206.37375076
1594465800,9215.46655286,9209.12842721,9209.12842721,9215.46655286,43994.93776609,4.77569516,9212.25838168
1594466100,9218.81320865,9211.43398748,9215.46655285,9218.81320865,6666.89985875,0.72363218,9213.10583334
1594466400,9223.10343266,9217.83601472,9218.9919251,9217.83601473,374.58287891,0.04062938,9219.5076301
1594466700,9217.83601473,9217.83601472,9217.83601473,9217.83601473,129.62462063,0.01406237,9217.83601472
1594467000,9217.83601473,9209.81256325,9217.83601473,9209.81256326,2071.10940997,0.22475839,9214.82579573
1594467300,9214.33049998,9209.81256325,9209.81256326,9214.33049997,12684.31822375,1.37717156,9210.41255292
1594467600,9214.33049997,9204.33221894,9214.33049997,9204.33221895,6789.33908181,0.7372907,9208.49684095
1594467900,9205.42062973,9202.17978483,9204.33221894,9205.42062973,7788.68822237,0.84633194,9202.87638249
1594468200,9206.55874058,9205.42062972,9205.42062973,9206.55874058,1846.45959517,0.2005614,9206.45545542
1594468500,9206.55874058,9200.79055842,9206.55874058,9202.4461874,7022.86796329,0.76300531,9204.21898937
1594468800,9214.63822531,9195.92292427,9200.33049998,9214.57646688,16218.9482645,1.76310715,9199.07123313
1594469100,9217.11435641,9214.57646688,9214.57646688,9217.11435641,386.85093297,0.04197424,9216.38921806
1594469400,9217.11435641,9212.57497538,9217.11435641,9214.72766445,543.44712444,0.05897608,9214.70407068
1594469700,9219.99148128,9214.72766445,9214.72766446,9219.99148128,19006.00763115,2.06206945,9216.95805694
1594470000,9219.99148128,9217.26822861,9219.99148127,9217.81844749,1876.16859578,0.20352543,9218.34974523
1594470300,9217.81844749,9217.3885552,9217.81844749,9217.3885552,1899.72327185,0.20610158,9217.41246162
1594470600,9217.62402067,9214.35777676,9217.38855521,9217.62402067,5138.84831156,0.55751726,9217.37976607
1594470900,9218.32276372,9216.33549725,9217.62402066,9216.33549725,166.74480823,0.01808977,9217.63008788
1594471200,9216.33549726,9214.36568308,9216.33549726,9214.3656831,7138.41444207,0.77469046,9214.53769041
1594471500,9214.3656831,9208.24207656,9214.3656831,9208.84519974,3567.70544235,0.38744054,9208.39477034
1594471800,9210.5,9206.00000001,9208.24206405,9210.49999999,1696.37228698,0.18419712,9209.54837396
1594472100,9210.5,9208.78423254,9210.5,9208.78423255,774.15572928,0.08406244,9209.29405908
1594472400,9208.78423255,9206.00000001,9208.78423255,9206.00000001,3845.68877126,0.41771038,9206.59134988
1594472700,9206.00000001,9202.75139614,9206.00000001,9205.0795675,2859.93691956,0.3107125,9204.44758277
1594473000,9207.22042084,9205.0795675,9205.0795675,9207.22042084,14166.07361611,1.53893509,9205.114438
1594473300,9208.99405575,9202.58290309,9207.22042084,9202.58290309,2714.37804057,0.29493773,9203.2241537
1594473600,9209.92306115,9202.2037654,9202.58290309,9209.92306114,2261.02542419,0.24558229,9206.79347111
1594473900,9217.61026795,9209.92306114,9209.92306114,9217.61026795,2644.14507977,0.28685969,9217.55538319
1594474200,9218.57819771,9214.17319685,9217.61026795,9218.57819771,523.43263166,0.05679353,9216.4130608
1594474500,9218.57819771,9215.28756555,9218.57819771,9216.30214127,1432.76895376,0.1554681,9215.83883615
1594474800,9216.30214127,9216.30214126,9216.30214127,9216.30214127,533.30823563,0.05786575,9216.30214126
1594475100,9223.59808363,9215.28756556,9216.30214126,9223.59808362,2098.63912066,0.22763099,9219.47894994
1594475400,9227.49677905,9223.59808362,9223.59808363,9224.07134225,9410.15741467,1.01996459,9225.96480989
1594475700,9225.20815869,9222.9167979,9223.43731443,9223.08999727,2122.44044525,0.23012353,9223.0483569
1594476000,9223.08999726,9219.8179623,9223.08999726,9219.8179623,10997.90804894,1.19272683,9220.81047589
1594476300,9219.81796231,9207.68984915,9219.8179623,9207.68984915,7904.39648166,0.85785079,9214.18569967
1594476600,9210.3755347,9207.68984915,9207.68984915,9210.37553469,11217.29241371,1.21792157,9210.19274969
1594476900,9213.38129294,9207.9823843,9210.3755347,9211.05347871,552.6380462,0.06000586,9209.73461938
1594477200,9211.7649995,9205.03349463,9211.05347871,9211.48480745,3188.56853398,0.34628231,9208.00295568
1594477500,9218.80071009,9211.48480744,9211.48480744,9217.08320584,1395.04394475,0.15135464,9217.05436153
1594477800,9217.56020474,9214.99906439,9217.08320584,9217.56020474,2043.41464819,0.22171022,9216.60105786
1594478100,9220.53901648,9217.56020473,9217.56020474,9220.53901648,4820.2427546,0.52289278,9218.41520666
1594478400,9220.53901648,9220.53901647,9220.53901647,9220.53901647,2127.96135927,0.23078492,9220.53901647
1594478700,9230.56549136,9220.53901647,9220.53901648,9230.56549135,4794.68374632,0.51987305,9222.79727007
1594479000,9230.56549135,9223.86975983,9230.56549135,9223.86975984,1486.11210303,0.16110507,9224.48997439
1594479300,9229.82305928,9223.86975983,9223.86975983,9229.82305928,235.7868163,0.02555447,9226.83257782
1594479600,9229.82305929,9224.30854686,9229.82305929,9224.30854687,8724.67649137,0.94560799,9226.52577351
1594479900,9224.30854687,9223.00306204,9224.30854687,9223.00306205,545.10469597,0.05910261,9223.02240084
1594480200,9223.00306205,9220.63922987,9223.00306205,9222.92301134,4486.08237926,0.48641178,9222.8078425
1594480500,9229.0,9224.93685111,9224.93685112,9229.0,9965.60498756,1.08008906,9226.65116852
1594480800,9229.0,9228.99999999,9229.0,9228.99999999,25.90524925,0.00280694,9228.99999999
1594481100,9229.0,9228.99999999,9229.0,9229.0,3974.1051351,0.43061059,9228.99999999
1594481400,9229.0,9223.0030919,9229.0,9224.86919592,14234.49158369,1.54254036,9227.95406383
1594481700,9224.86919593,9223.49171695,9224.86919593,9223.49171696,18530.22778738,2.00887585,9224.17768493
1594482000,9223.97709173,9223.49171696,9223.49171697,9223.97709173,375.59229267,0.04072125,9223.49615195
1594482300,9226.30817373,9225.04063718,9225.04063718,9226.30817372,10153.6065591,1.10051956,9226.19363449
1594482600,9226.30817373,9224.01374188,9226.30817372,9224.46308456,1269.32212388,0.13758735,9225.57287341
1594482900,9224.46308457,9224.46308456,9224.46308456,9224.46308457,129.77961684,0.01406907,9224.46308456
1594483200,9232.69156149,9223.10314154,9224.46308457,9231.7860993,3386.388135,0.3669629,9228.14849948
1594483500,9246.59638083,9231.78609931,9231.78609931,9246.59638083,3670.26072344,0.39724049,9239.3922972
1594483800,9249.49999999,9240.06200063,9246.81457739,9243.80394942,13103.01279494,1.41687367,9247.83420877
1594484100,9243.80394943,9238.09197919,9243.80394942,9238.0919792,805.00456097,0.08711797,9240.39622337
1594484400,9242.35143674,9238.09197919,9238.09197919,9239.4952318,85.78111762,0.00928281,9240.85676898
1594484700,9239.4952318,9239.49523179,9239.4952318,9239.49523179,7573.74211612,0.81971384,9239.49523179
1594485000,9239.4952318,9217.36428777,9239.4952318,9217.36429604,21187.62911786,2.29657875,9225.73594215
1594485300,9221.90501176,9213.24349573,9217.36429604,9214.44588835,37301.33971577,4.04505229,9221.4728121
1594485600,9218.62856808,9214.13744211,9215.97649557,9215.20202903,11115.66722621,1.20598907,9217.05470035
1594485900,9216.3300583,9214.20000001,9215.20202903,9216.33005828,724.3032651,0.07860485,9214.48568512
1594486200,9216.33005828,9215.08340204,9216.33005828,9216.04608984,24463.81443184,2.65440326,9216.31419027
1594486500,9217.39383626,9216.04608984,9216.04608985,9217.39383626,21763.87704229,2.36141025,9216.47436835
1594486800,9221.84697467,9217.39383625,9217.39383626,9221.84697467,6741.40573368,0.73116003,9220.15079747
1594487100,9222.94986781,9220.03950264,9221.84697466,9220.03950265,10763.43014189,1.16712385,9222.18335431
1594487400,9220.03950265,9217.02169618,9220.03950265,9217.02169618,3656.21083909,0.3965622,9219.76637989
1594487700,9217.02169619,9210.54416774,9217.02169619,9211.3407057,21695.51248881,2.3540644,9216.19327356
1594488000,9213.07102507,9203.71117913,9211.3407057,9213.07102507,54820.75241255,5.95340093,9208.30850418
1594488300,9219.63383498,9213.07102508,9213.07102508,9219.63383497,45294.68098295,4.91376207,9217.92311831
1594488600,9219.5512556,9215.73614467,9218.92454162,9215.73614468,1456.45722792,0.15803916,9215.79960263
1594488900,9220.86799989,9209.29032234,9215.73614467,9219.97242703,7162.97333947,0.77745408,9213.37159807
1594489200,9219.97242703,9219.97242702,9219.97242703,9219.97242703,273.32091941,0.02964444,9219.97242702
1594489500,9219.97242703,9219.97242702,9219.97242703,9219.97242703,290.9446201,0.03155591,9219.97242702
1594489800,9219.97242703,9216.4675367,9219.97242703,9217.28985734,43851.78169051,4.75730028,9217.78721323
1594490100,9221.35924601,9215.38658058,9217.28985734,9220.17994927,6023.52874025,0.65344203,9218.1532006
1594490400,9220.17994927,9216.66648681,9220.17994927,9216.66648682,22226.74173942,2.41149245,9217.00656347
1594490700,9216.66648682,9210.8985734,9216.66648682,9214.07668052,16446.11286009,1.78500062,9213.50540488
1594491000,9214.07668052,9207.75534368,9214.07668051,9210.31845957,31370.04121663,3.40502726,9212.86052101
1594491300,9212.29284006,9209.67495443,9210.31845956,9212.29284006,41384.73057831,4.49311097,9210.70742624
1594491600,9212.29284006,9212.29284005,9212.29284006,9212.29284006,7966.03064967,0.86471748,9212.29284005
1594491900,9212.29284006,9212.29284005,9212.29284006,9212.29284005,714.00105964,0.07750525,9212.29284005
1594492200,9218.33279999,9212.29284005,9212.29284005,9215.57983179,23655.28743509,2.56766865,9212.74925216
1594492500,9220.17994927,9217.66417692,9217.66417693,9220.17994927,11451.61593094,1.24219147,9218.8814748
1594492800,9222.61514746,9220.17994927,9220.17994927,9222.61514746,4953.27768709,0.53716919,9221.07555554
1594493100,9222.61514746,9220.17994926,9222.61514746,9220.17994927,4831.8801203,0.5239286,9222.40190801
1594493400,9220.17994927,9220.17994926,9220.17994927,9220.17994927,774.94570593,0.08404887,9220.17994926
1594493700,9220.17994927,9220.17994926,9220.17994927,9220.17994927,3702.15082568,0.40152696,9220.17994926
1594494000,9220.17994927,9218.33591331,9220.17994927,9218.33591331,669.16074175,0.07257655,9220.06821421
1594494300,9218.33591331,9214.99097369,9218.33591331,9214.99097369,2338.17720424,0.25364459,9218.32081752
1594494600,9214.99097369,9213.1479755,9214.99097369,9213.14797551,20900.88112081,2.26858431,9213.18243658
1594494900,9217.00000001,9213.1479755,9213.14797551,9217.00000001,11343.27988289,1.23098114,9214.82833026
1594495200,9217.23916808,9217.0,9217.00000001,9217.23916808,20262.29682026,2.19831908,9217.17734454
1594495500,9217.23916808,9217.23916807,9217.23916808,9217.23916808,20925.83531389,2.27029319,9217.23916807
1594495800,9217.23916808,9217.23916807,9217.23916808,9217.23916808,3254.72559177,0.35311285,9217.23916807
1594496100,9217.23916808,9212.8358972,9217.23916808,9212.8358972,18637.73652805,2.022503,9215.18362546
1594496400,9212.83589719,9207.46041186,9212.83589719,9212.74086133,24271.68011336,2.63483488,9211.8410522
1594496700,9214.27174813,9210.50630473,9212.74086133,9210.50630473,46445.24245275,5.04190332,9211.84709522
1594497000,9210.52163293,9205.02317956,9209.68375741,9206.08233352,22250.8936219,2.41670789,9207.10927207
1594497300,9207.26171816,9205.70729723,9206.08233351,9205.70729723,24099.44882242,2.61770739,9206.31882481
1594497600,9206.77181517,9205.24698451,9205.70729724,9205.24698452,10173.35613857,1.105169,9205.24927732
1594497900,9206.66472466,9205.24698451,9206.66472466,9205.24698452,10838.74262776,1.17742185,9205.4879292
1594498200,9207.11085607,9205.24698452,9205.24698453,9205.26943392,90.98159809,0.00988312,9205.75669404
1594498500,9207.04801804,9205.26943391,9205.26943392,9207.04801804,19077.71524103,2.0724115,9205.56329716
1594498800,9212.97177609,9207.04801803,9207.04801803,9212.97177609,38377.54493257,4.16736155,9209.07496796
1594499100,9212.97177609,9208.10909961,9212.97177609,9210.0,11248.21055109,1.22132531,9209.83988376
1594499400,9210.0,9205.56078729,9210.0,9205.56078729,1113.01790827,0.12085559,9209.48636529
1594499700,9205.56053817,9205.28026911,9205.56053817,9205.48982326,4634.95146148,0.50350517,9205.37014839
1594500000,9210.35347859,9205.48982326,9205.48982326,9210.05385793,32930.74598728,3.57570849,9209.57233493
1594500300,9210.05385793,9210.05385792,9210.05385793,9210.05385793,4411.71241141,0.47901049,9210.05385792
1594500600,9210.05385793,9210.05385792,9210.05385793,9210.05385793,2845.54560798,0.3089608,9210.05385792
1594500900,9211.83924607,9210.05385792,9210.05385793,9211.83924607,1836.85945788,0.1994394,9210.11323684
1594501200,9211.83924607,9211.83924606,9211.83924607,9211.83924607,47.5906645,0.00516625,9211.83924606
1594501500,9211.83924607,9210.19621191,9211.83924607,9210.19621192,1368.29410653,0.14853788,9211.75195537
1594501800,9210.19621192,9210.05385792,9210.19621191,9210.05385794,1561.81641485,0.16957733,9210.0542853
1594502100,9210.05385794,9210.05385793,9210.05385794,9210.05385794,788.545286,0.08561788,9210.05385793
1594502400,9210.05385794,9210.05385792,9210.05385793,9210.05385793,41.16903284,0.00447001,9210.05385792
1594502700,9213.92418006,9210.05385793,9210.05385793,9213.92418006,11375.90337288,1.23495543,9211.59022952
1594503000,9213.92418006,9213.92418005,9213.92418006,9213.92418006,30.52425658,0.00331284,9213.92418005
1594503300,9215.00000001,9213.92418005,9213.92418006,9215.00000001,12895.40433322,1.39943365,9214.73078285
1594503600,9215.00000001,9215.0,9215.00000001,9215.00000001,470.58673605,0.05106747,9215.0
1594503900,9220.0,9215.00000001,9215.00000001,9218.83626569,2172.05899329,0.23566324,9216.79169519
1594504200,9219.69999993,9215.00000002,9218.83626569,9217.90586253,232.16626301,0.02518729,9217.59597842
1594504500,9220.0,9217.90586252,9217.90586253,9218.04567114,2360.87130138,0.25606563,9219.78986945
1594504800,9218.04567114,9218.04567113,9218.04567114,9218.04567114,36.50272341,0.00395992,9218.04567113
1594505100,9220.0,9215.90001004,9218.04567114,9217.04448756,20908.72614154,2.26804292,9218.84059475
1594505400,9224.78141262,9215.8,9216.50254806,9224.78141262,56310.53974873,6.10801343,9219.12507136
1594505700,9224.78141263,9220.56105,9224.78141263,9222.00173609,2496.46470341,0.2707028,9222.16062567
1594506000,9233.00000001,9222.46285471,9222.46285471,9233.0,11675.86856372,1.26497597,9230.11095912
1594506300,9233.0,9210.64271929,9233.0,9217.80966603,13799.89874088,1.49535662,9228.50011583
1594506600,9218.10322583,9214.97721093,9218.10322583,9217.63248341,290.86026573,0.03155431,9217.7666294
1594506900,9217.63248341,9217.6324834,9217.63248341,9217.63248341,66.32353883,0.00719529,9217.6324834
1594507200,9222.4628547,9217.6324834,9217.63248341,9220.61860612,1853.56609145,0.20108725,9217.72062354
1594507500,9221.09449515,9220.61860611,9220.61860612,9221.09449515,18455.34898524,2.00153044,9220.61869078
1594507800,9221.10932944,9221.10932942,9221.10932944,9221.10932943,3293.82183967,0.35720451,9221.10932942
1594508100,9221.10932943,9220.00000001,9221.10932943,9220.00000001,6088.36096952,0.66029786,9220.62805038
1594508400,9221.53894999,9220.0,9220.0,9221.53894996,19442.28212626,2.1084404,9221.16751617
1594508700,9222.46285471,9221.53894997,9221.53894997,9222.46285471,19684.75945434,2.13463667,9221.59716029
1594509000,9230.41968139,9222.46285471,9222.46285471,9230.26657499,52129.29665012,5.64984337,9226.67996902
1594509300,9234.90928676,9228.44713504,9228.44713504,9232.86006326,2250.42637436,0.24371502,9233.8435865
1594509600,9242.35983619,9232.96750334,9232.96750334,9241.71248562,16467.80349497,1.78216694,9240.32599043
1594509900,9247.15069852,9235.4262041,9241.71248562,9237.97402991,27258.23119901,2.94913281,9242.79540975
1594510200,9247.7412505,9235.78395218,9239.60000002,9235.78395218,2588.39680535,0.28009343,9241.19071752
1594510500,9237.0605025,9235.78395219,9235.78395219,9235.78395219,387.82230866,0.04199125,9235.78861469
1594510800,9237.87516783,9235.78395218,9235.78395218,9237.87516783,353.23744429,0.03823866,9237.70457164
1594511100,9237.87516783,9231.0012626,9237.87516783,9232.08276408,47.41365574,0.00513432,9234.65147197
1594511400,9234.97539382,9232.08276409,9232.08276409,9234.46889798,3309.92225274,0.35849604,9232.80004082
1594511700,9233.96243368,9233.19909607,9233.96243368,9233.19909607,20.10391103,0.0021772,9233.83751575
1594512000,9239.0,9233.0,9233.19909606,9239.0,14736.43373158,1.59575562,9234.76849894
1594512300,9240.0,9237.20590688,9239.0,9240.0,20767.49878625,2.24770004,9239.44406133
1594512600,9242.29047499,9239.00000001,9241.40000002,9241.53825658,5357.89977298,0.57985552,9240.05996008
1594512900,9259.99999999,9246.69999999,9246.69999999,9252.71595815,6556.28990062,0.70860904,9252.33736874
1594513200,9256.37287325,9252.71595814,9252.71595815,9252.71595815,14099.98681897,1.52385788,9252.82272318
1594513500,9256.82571044,9253.29360802,9254.15067852,9256.78592209,184.07413409,0.01989029,9254.47211141
1594513800,9262.5941,9252.71595814,9257.19910964,9253.85169696,5104.14644712,0.55145229,9255.8260065
1594514100,9257.11108245,9252.71595814,9254.878152,9252.71595814,9562.08474481,1.03317841,9255.01796423
1594514400,9252.71595814,9247.95120686,9252.71595814,9251.92966878,6022.30918065,0.65104472,9250.22351867
1594514700,9251.92966877,9246.40560926,9251.48537988,9247.0,6027.13538588,0.65149394,9251.25318262
1594515000,9248.27782419,9245.0,9245.0,9247.59231454,297.78155279,0.03220262,9247.12190472
1594515300,9251.68209998,9247.58257652,9247.58257653,9249.80364194,180.32723056,0.01949732,9248.82140534
1594515600,9258.45813539,9249.82492958,9249.82492958,9257.09999999,2569.96714797,0.27781797,9250.54325308
1594515900,9255.00000001,9251.53573743,9255.00000001,9252.35804388,4860.36793623,0.52527998,9252.90915567
1594516200,9252.42011334,9250.40653422,9252.3580439,9250.40653423,3601.27004444,0.3892273,9252.35728441
1594516500,9250.40653421,9248.05,9248.05,9248.64366282,556.28998397,0.06014016,9249.89198515
1594516800,9250.40653423,9245.02190662,9248.64366283,9245.69883579,14801.96791781,1.60076544,9246.80627651
1594517100,9254.53726307,9249.19999999,9249.2,9254.53726307,1951.63171414,0.21100525,9249.20926915
1594517400,9287.535675,9256.0,9256.0,9279.4,172569.64448208,18.61402276,9270.94839772
1594517700,9281.3887443,9275.90371078,9278.91560559,9275.90371079,4011.22602844,0.43231576,9278.46356663
1594518000,9278.44484587,9272.59237951,9278.44484587,9274.78677932,3003.39707105,0.32370336,9278.23878954
1594518300,9281.3401276,9271.54617961,9274.78677933,9271.54617963,20763.06584028,2.23815496,9276.86697809
1594518600,9273.32762103,9266.62780707,9271.54617962,9271.49025332,19557.06978672,2.109459,9271.13055372
1594518900,9271.23476313,9267.53772395,9270.98894477,9267.53772396,11001.59056216,1.18685903,9269.50066021
1594519200,9277.49166919,9266.9954713,9267.53772395,9266.99547131,3674.30686178,0.39632183,9271.01810613
1594519500,9273.35021597,9267.20285353,9267.20285353,9271.6,1280.44672943,0.13814325,9268.97788657
1594519800,9273.35021598,9271.48015068,9271.6,9272.1,492.41569193,0.05310129,9273.13991676
1594520100,9272.10000001,9269.88169265,9272.1,9269.88169265,756.36565256,0.0815867,9270.69795152
1594520400,9269.88169265,9264.70540085,9269.88169265,9265.61178256,9450.43223664,1.01983448,9266.63338216
1594520700,9271.30592057,9265.61178256,9265.61178256,9271.30592056,8410.74603673,0.90719258,9271.18036694
1594521000,9271.30592056,9261.87569024,9271.30592056,9263.3766998,4221.47136114,0.45558642,9266.01666735
1594521300,9270.01516835,9263.37669979,9263.37669979,9270.01516834,3527.28290376,0.38077377,9263.46083072
1594521600,9270.01516835,9265.76338288,9270.01516835,9265.76338288,173.12594759,0.01868186,9267.06160947
1594521900,9265.76338289,9264.06321167,9265.76338288,9264.06321167,4187.55040132,0.45198166,9264.86796238
1594522200,9270.01031487,9264.06321167,9264.06321167,9265.70119469,706.33642695,0.07621216,9268.02792304
1594522500,9269.24249537,9265.06324366,9265.38221918,9269.13048484,7200.87320065,0.77714439,9265.81121
1594522800,9273.97855461,9269.32644905,9269.32644905,9272.16129919,114.91236485,0.01239191,9273.17619757
1594523100,9277.38223756,9271.71846944,9272.16129919,9276.99110853,1781.59960805,0.19211874,9273.42958865
1594523400,9276.99110853,9273.66370836,9276.99110853,9273.66370836,41.47984845,0.00447246,9274.50406576
1594523700,9281.13736423,9270.33954335,9273.66370837,9279.84421771,85786.42666025,9.24588927,9278.33160825
1594524000,9280.63921922,9278.73408425,9279.84421771,9278.73408425,3662.09396838,0.39461243,9280.22963794
1594524300,9280.76995075,9278.73408425,9278.73408425,9280.22169421,562.597461,0.06062673,9279.69331357
1594524600,9280.22169421,9280.2216942,9280.22169421,9280.2216942,3230.50734923,0.3481067,9280.2216942
1594524900,9280.22169421,9276.66389768,9280.2216942,9276.66389768,11078.17304816,1.19374111,9280.21407268
1594525200,9276.66389769,9273.07598343,9276.66389768,9273.80191217,2613.35165631,0.2818109,9273.4229099
1594525500,9276.35966335,9273.80191216,9273.80191216,9276.04532448,59.24385787,0.00638711,9275.53429888
1594525800,9276.04532449,9274.78208993,9276.04532449,9274.78208993,472.23196078,0.0509134,9275.19986448
1594526100,9274.31835912,9267.75425451,9274.31835912,9271.48850411,8748.15390296,0.94337122,9273.28894235
1594526400,9280.22169421,9271.48850411,9271.48850412,9279.18249063,26540.34171791,2.86070279,9277.55997955
1594526700,9281.0,9279.18249063,9279.18249063,9280.99391997,5145.68316927,0.55448067,9280.18495086
1594527000,9280.99391997,9280.50000001,9280.99391996,9280.50000001,156.90860564,0.01690648,9280.97425633
1594527300,9280.00000001,9277.82307478,9280.00000001,9277.82307479,620.95940398,0.06692443,9278.5161411
1594527600,9277.82307479,9273.38676473,9277.82307478,9273.51643749,1203.73383915,0.12979014,9274.4629072
1594527900,9275.26535808,9273.38677474,9273.38677474,9275.25718842,4143.59511744,0.44673778,9275.22878733
1594528200,9277.65825806,9272.47470115,9275.81651611,9272.47470115,6708.80483166,0.72325831,9275.80746589
1594528500,9272.47470115,9261.87569024,9272.47470114,9264.73675243,24581.3512589,2.65333724,9264.31472348
1594528800,9268.66503679,9264.73675243,9264.73675243,9268.66503679,1376.62000183,0.1485628,9266.24970607
1594529100,9270.34693123,9264.00000001,9268.66503679,9264.00000001,7481.10911272,0.8071866,9268.12847577
1594529400,9266.26463785,9264.00000001,9264.00000001,9265.73175951,10138.95782762,1.09429386,9265.2971914
1594529700,9266.86173594,9265.7317595,9265.7317595,9266.20930343,2626.7652484,0.28348276,9266.04936542
1594530000,9274.56261348,9269.02190172,9269.97016609,9270.20081503,5401.30050685,0.58263174,9270.52224592
1594530300,9270.24283609,9264.0,9270.20081503,9264.00000001,6032.50925094,0.65077367,9269.75003604
1594530600,9268.38115951,9264.0,9264.00000001,9268.38115951,18377.17560142,1.98357558,9264.6712264
1594530900,9268.3811595,9259.29389008,9268.3811595,9262.78950237,26022.44271104,2.80915487,9263.44182335
1594531200,9262.78950237,9260.85502659,9262.78950236,9260.8550266,1011.52242069,0.10920359,9262.72131433
1594531500,9261.59501162,9258.36416478,9260.85502659,9261.59501162,6846.00894343,0.73941518,9258.68054728
1594531800,9267.68071831,9259.78773217,9262.07126017,9260.79165876,6861.41035075,0.74063949,9264.17027906
1594532100,9270.72578796,9260.79166877,9260.79166877,9270.72578795,3656.08256199,0.39448169,9268.06656602
1594532400,9271.72578791,9268.22692269,9270.72578795,9271.7257879,624.57833231,0.06737369,9270.35957684
1594532700,9274.42883449,9269.62214763,9271.72578794,9271.44013373,2286.65124611,0.24662541,9271.75851877
1594533000,9271.44013372,9267.88825432,9271.44013372,9267.88825432,5921.20892934,0.63889301,9267.91941165
1594533300,9267.9355493,9267.93554929,9267.93554929,9267.93554929,43.97839312,0.00474522,9267.93554929
1594533600,9267.94,9267.93554929,9267.93554929,9267.93999999,10392.64007611,1.12135433,9267.93592184
1594533900,9267.94,9263.76601982,9267.93999999,9265.65363837,6432.23512405,0.69416312,9266.17237177
1594534200,9265.65363837,9261.70259077,9265.65363837,9261.70259078,1846.51974965,0.1993539,9262.5213234
1594534500,9266.58073377,9261.70259077,9261.70259078,9266.58073376,24968.77115394,2.69583228,9261.98982747
1594534800,9266.58073377,9262.0,9266.58073376,9262.0,284.37265562,0.0306954,9264.34109415
1594535100,9262.0,9257.93835896,9262.0,9259.29373919,3367.37932464,0.36365866,9259.72538271
1594535400,9259.29373919,9257.12357342,9259.29373919,9258.53707455,1635.03429049,0.17660286,9258.25488041
1594535700,9260.4,9257.83032399,9258.53707455,9258.76178672,119.88860336,0.01294811,9259.15854605
1594536000,9257.94268008,9254.747515,9257.94268008,9255.54622622,232.57619366,0.02512794,9255.68087402
1594536300,9255.54622622,9254.747515,9255.54622621,9254.74751501,213.14207603,0.02303034,9254.83844496
1594536600,9254.74751501,9254.747515,9254.74751501,9254.74751501,138.67831942,0.01498456,9254.747515
1594536900,9254.74751501,9254.747515,9254.74751501,9254.747515,4255.95112453,0.4598668,9254.747515
1594537200,9262.31088341,9254.87234293,9254.87234293,9262.31088341,22831.27079047,2.46632168,9257.21529986
1594537500,9262.98266256,9259.9305156,9262.31088341,9260.96041035,27460.0554364,2.96470478,9262.32373005
1594537800,9262.37785516,9260.96041034,9260.96041035,9261.49005004,342.45103509,0.03697645,9261.32809116
1594538100,9263.33215451,9257.56288778,9261.49005004,9257.56288779,8512.18432574,0.919249,9259.93319083
1594538400,9261.71478142,9257.0693795,9257.56288779,9257.0693795,3106.60284864,0.33553231,9258.72935648
1594538700,9257.15488029,9251.70099838,9257.15488029,9251.70099839,5844.86604219,0.63166922,9253.04867979
1594539000,9255.65222838,9253.44390616,9253.44390616,9255.60609668,5156.58561291,0.55714229,9255.41949601
1594539300,9255.60609668,9250.45800224,9255.60609667,9253.70440834,815.37684541,0.0881346,9251.49538785
1594539600,9252.55729099,9250.10256839,9252.55729099,9250.10256839,1909.25557799,0.20634917,9252.54789246
1594539900,9249.99539818,9245.24328136,9249.99539818,9246.92475798,2240.86468816,0.24233735,9246.88120985
1594540200,9250.1552444,9246.54657207,9246.92475798,9250.1552444,3258.48041385,0.35238912,9246.82468588
1594540500,9251.21672651,9249.96260238,9250.31544888,9250.57542296,443.36824143,0.04792879,9250.56195725
1594540800,9257.6832915,9250.57542296,9250.57542297,9257.6832915,11114.9254131,1.20121971,9253.03283036
1594541100,9263.58040021,9257.68329149,9257.6832915,9263.58040021,32572.97644202,3.51677125,9262.18230487
1594541400,9268.24188974,9263.5804002,9263.58040021,9264.6,9969.63389511,1.07597089,9265.70968394
1594541700,9264.77181414,9261.3363805,9263.90000001,9263.40000001,6063.08040695,0.6545535,9262.92565382
1594542000,9263.40000001,9259.41213859,9263.40000001,9259.41213859,50.06895979,0.00540616,9261.46466135
1594542300,9261.24076154,9259.3121386,9259.31213861,9261.24076153,239.04795594,0.02581167,9261.23555511
1594542600,9263.40000001,9259.3121386,9261.24076154,9259.3121386,3088.13409227,0.33339838,9262.59477406
1594542900,9259.95635232,9259.3121386,9259.3121386,9259.94075757,245.72951533,0.02653735,9259.76087809
1594543200,9259.94855495,9259.3121386,9259.94855495,9259.3121386,9373.15911346,1.01226208,9259.61694965
1594543500,9259.31213861,9253.67328167,9259.3121386,9254.15088445,85681.71784522,9.25452654,9258.35778576
1594543800,9254.15088445,9249.79755167,9254.15088444,9250.71862666,789.73507825,0.08535724,9252.11591021
1594544100,9252.3694571,9250.71862665,9250.71862666,9252.3694571,542.69107596,0.05866072,9251.35381848
1594544400,9252.3694571,9247.83776835,9252.3694571,9251.28899314,938.62043055,0.10148694,9248.68195409
1594544700,9251.28899314,9247.00641791,9251.28899314,9247.00641791,13447.6113453,1.45416894,9247.62658271
1594545000,9248.18278786,9242.86722295,9247.00641791,9245.02519094,63622.29674737,6.8811604,9245.86741901
1594545300,9247.07675694,9242.86722294,9244.58318498,9246.95511655,60445.07572782,6.53883553,9244.01224812
1594545600,9247.0,9246.27432633,9246.95511655,9246.29759786,5088.23765168,0.5502614,9246.94636346
1594545900,9258.26724963,9244.7662158,9244.7662158,9257.00513786,3315.30148854,0.35820849,9255.22867575
1594546200,9254.73892806,9252.79374697,9254.73892805,9252.90250973,3691.90219604,0.39899814,9252.93084335
1594546500,9256.11016309,9250.0,9252.90250971,9256.11016309,57580.85714068,6.22423597,9251.0723273
1594546800,9257.97781713,9253.21758302,9257.97781712,9257.25081089,1036.00089727,0.11193988,9254.97595029
1594547100,9257.24547026,9257.24547025,9257.24547026,9257.24547025,535.28290826,0.05782313,9257.24547025
1594547400,9257.24547026,9256.7,9257.24547025,9256.70000001,48.60514162,0.00525075,9256.79981511
1594547700,9259.53708245,9256.7,9256.7,9258.27444203,906.75213606,0.09794729,9257.55205749
1594548000,9261.19452711,9258.27444202,9258.27444202,9258.27444203,19075.64350269,2.06026058,9258.84991824
1594548300,9258.81183742,9254.66281639,9258.63472841,9254.66281639,558.81270195,0.06036019,9257.96790815
1594548600,9254.66281639,9253.00000001,9254.66281639,9253.00000001,2553.31429736,0.27591735,9253.90990225
1594548900,9256.697194,9255.07999997,9255.07999997,9256.697194,92.63021222,0.01000717,9256.38439536
1594549200,9262.96610398,9257.52879384,9257.52879384,9261.22740332,843.3512087,0.09106302,9261.18207699
1594549500,9261.22740332,9261.22740331,9261.22740331,9261.22740332,280.76225861,0.03031588,9261.22740331
1594549800,9263.21587865,9260.0,9261.22740331,9260.00000001,3642.6492393,0.39330421,9261.65839745
1594550100,9263.21587863,9260.00041512,9260.00041512,9263.09463272,1030.60326867,0.11127783,9261.53276602
1594550400,9263.78165278,9261.27625432,9263.09463272,9262.39638324,347.87940438,0.03755384,9263.48422379
1594550700,9261.72681524,9258.45773229,9261.72681524,9258.45773229,1316.88774422,0.14221279,9259.98107644
1594551000,9258.4577323,9254.33245915,9258.4577323,9254.33533867,6538.45036821,0.7062675,9257.75342659
1594551300,9257.30767799,9254.87363465,9254.87363465,9255.42435515,318.15623719,0.03437552,9255.31416527
1594551600,9255.96304647,9255.42435515,9255.42435516,9255.96304647,615.25970815,0.06647541,9255.44811472
1594551900,9255.96304647,9254.55529101,9255.96304646,9255.96304646,4388.84781068,0.47420111,9255.24575572
1594552200,9255.96304647,9252.362665,9255.96304647,9252.362665,557.13245347,0.06020363,9254.13390322
1594552500,9252.36266501,9244.82199997,9252.362665,9247.6722147,156.55399728,0.01692674,9248.91605136
1594552800,9252.79291553,9247.6805131,9247.6805131,9252.79291552,3020.2893096,0.32658504,9248.09449203
1594553100,9252.79291552,9250.16482389,9252.79291552,9250.16482389,4698.06596978,0.50780025,9251.79924545
1594553400,9250.16482388,9246.6797081,9250.16482388,9247.66129516,1536.86654637,0.16619743,9247.23412612
1594553700,9247.66129516,9246.21730275,9247.66129516,9246.21730276,16528.41320168,1.78752825,9246.51859442
1594554000,9245.23977663,9242.86722294,9245.23977663,9242.86722295,12712.18335341,1.37514352,9244.25935804
1594554300,9252.70013593,9242.86722294,9242.86722295,9246.10679103,3053.33942717,0.33022091,9246.3539852
1594554600,9246.10679103,9240.95520259,9246.10679102,9246.10679102,3365.57391426,0.36413203,9242.72966117
1594554900,9246.10679102,9243.09143035,9246.10679102,9243.09143035,218.68978369,0.02365827,9243.69295366
1594555200,9249.57131025,9242.73604556,9243.09143035,9248.46097197,262.9354207,0.02844157,9244.75761039
1594555500,9254.8188681,9249.95312824,9249.95312824,9252.18577412,421.35930704,0.04554146,9252.21341276
1594555800,9254.3562057,9251.05730991,9252.18577413,9251.05730991,551.10867341,0.05956315,9252.51054418
1594556100,9255.50033017,9249.83822717,9251.07085588,9255.50033017,2098.93776293,0.22680403,9254.41123306
1594556400,9260.23276151,9255.50033017,9255.50033017,9258.25889972,2580.44743325,0.27871523,9258.36536902
1594556700,9261.60831978,9258.25889972,9258.25889972,9261.60831978,1829.12783408,0.19755956,9258.61463797
1594557000,9261.60831978,9258.25889974,9261.60831978,9259.22146704,4694.67318779,0.50696792,9260.29636706
1594557300,9260.10877023,9258.25889972,9259.22146703,9258.25889973,5117.11508719,0.55261073,9259.89093116
1594557600,9259.76349469,9258.25889972,9258.25889972,9259.76349469,8813.9307634,0.95196769,9258.64486368
1594557900,9262.5,9259.76814096,9259.77689821,9262.5,43699.45751769,4.71789133,9262.49768404
1594558200,9265.1327037,9262.49999999,9262.49999999,9262.59999999,3305.59913264,0.35687633,9262.59002004
1594558500,9264.66953287,9261.7,9262.59999999,9263.25451365,17469.00491553,1.88603989,9262.26693728
1594558800,9263.26451366,9256.34072839,9263.26451366,9256.34072839,3689.94161263,0.39845969,9260.51418811
1594559100,9262.88234541,9254.44951661,9254.44951661,9261.98117902,3689.13341356,0.39846736,9258.30766556
1594559400,9264.66947295,9261.37827694,9261.6570107,9263.78465512,1071.65771044,0.1156821,9263.81618633
1594559700,9337.0,9263.7671038,9263.98218981,9325.52977747,239401.09280835,25.74997047,9297.14047972
1594560000,9339.99999999,9312.0,9323.71965473,9312.00000001,105406.20788454,11.31141298,9318.57125815
1594560300,9312.00000001,9225.34463613,9312.00000001,9239.75589661,373724.34114875,40.44420224,9240.49234377
1594560600,9245.85059999,9211.62043761,9239.75589661,9231.52513079,237643.18239373,25.75367476,9227.54459735
1594560900,9231.79724061,9210.49371757,9231.79724061,9210.49371757,86352.92878731,9.37074744,9215.1591258
1594561200,9214.5530613,9185.0,9211.52891554,9194.10064299,76885.73480625,8.35638671,9200.83493913
1594561500,9223.54075244,9181.0,9192.72362035,9217.07844968,45496.59114784,4.93904285,9211.62106294
1594561800,9223.39258268,9211.25723013,9217.07844968,9216.20692605,4716.51428299,0.51191023,9213.55739069
1594562100,9219.44496439,9209.36989014,9216.12806176,9209.36989015,14021.20943699,1.521887,9213.04238553
1594562400,9213.61293695,9201.23485296,9208.90000001,9203.16020728,17362.40794775,1.88603846,9205.75498113
1594562700,9222.30703347,9201.0,9203.16020729,9214.90000001,26896.36369518,2.91826795,9216.55041826
1594563000,9220.33907846,9207.48445778,9214.42950772,9213.67446438,58552.44217544,6.35351824,9215.75101599
1594563300,9217.41589996,9208.28466686,9212.28660704,9208.28466686,49683.25786317,5.39102095,9215.92743266
1594563600,9215.74113078,9202.16170009,9208.20778243,9214.66631672,8097.56346123,0.87941122,9207.93739842
1594563900,9224.49825478,9205.38718637,9214.66631671,9214.87283157,13718.43073071,1.48924295,9211.68082797
1594564200,9221.00391217,9210.55428406,9214.87283158,9216.64769868,6955.72558636,0.75502692,9212.55309196
1594564500,9224.01539505,9216.14009328,9216.14009328,9218.61061636,3724.19463327,0.40385648,9221.579491
1594564800,9220.154022,9214.7292883,9218.61061635,9215.69940235,8794.80671183,0.95408522,9218.05151937
1594565100,9225.07226197,9215.69940235,9215.69940236,9225.07226197,3460.13351265,0.37525841,9220.66879901
1594565400,9225.07226196,9220.97261543,9225.07226196,9223.28052739,1534.7908537,0.16641296,9222.78441358
1594565700,9223.2805274,9217.16251635,9223.2805274,9217.16251635,5296.16850499,0.57430508,9221.87298951
1594566000,9216.31472149,9211.56059656,9215.32261549,9211.88031204,15029.8959432,1.63118073,9214.12058564
1594566300,9214.50548221,9211.00000001,9211.00000001,9214.5054822,1375.95874238,0.14934457,9213.31617468
1594566600,9214.50548221,9210.10509432,9214.50548221,9210.10509432,1356.00319067,0.14720992,9211.35743213
1594566900,9218.09731896,9209.8231036,9210.10509432,9217.17612007,12246.25601452,1.32919743,9213.27090929
1594567200,9217.17612008,9216.22961141,9217.17612008,9216.22961141,727.53901128,0.07894104,9216.23291612
1594567500,9216.22961141,9209.33489109,9216.22961141,9212.48782778,70411.79851018,7.64293311,9212.6671131
1594567800,9212.48782779,9207.14957516,9212.48782778,9209.77374952,18236.11155727,1.97966134,9211.73293068
1594568100,9218.66031644,9209.77374952,9209.77374952,9218.66031644,310.88521331,0.03372788,9217.45491615
1594568400,9217.57755009,9215.49975255,9217.24408452,9217.49046128,19483.42089584,2.1137554,9217.44346382
1594568700,9217.49046129,9214.43427606,9217.49046128,9214.77605863,1081.7634783,0.11736219,9217.30821745
1594569000,9220.0304443,9214.77605862,9214.77605862,9220.03044429,267.05586039,0.02896804,9218.98272692
1594569300,9224.91060186,9214.15107602,9220.0304443,9214.15107602,6197.41514065,0.67207914,9221.25799151
1594569600,9218.25600766,9203.27297089,9214.15107602,9218.25600766,12511.16850521,1.35866311,9208.44057156
1594569900,9218.79879366,9214.35796547,9218.25600766,9214.35796547,1361.55944051,0.14769588,9218.66906857
1594570200,9216.37950175,9202.98309609,9213.6881033,9213.5288654,16000.89271887,1.7375715,9208.76793782
1594570500,9214.38370888,9210.0,9213.52886541,9214.38370888,6262.99746155,0.67995532,9210.89559465
1594570800,9214.38370888,9211.95643518,9214.38370888,9213.31235661,1096.86987389,0.11904512,9213.9003589
1594571100,9217.56097229,9210.0,9213.31235662,9215.61508236,3528.116916,0.38293111,9213.45073269
1594571400,9219.83818886,9214.10109235,9215.61508236,9218.21918505,4299.93848715,0.46644976,9218.43863131
